Workbook

Sheet Instructions
A1: Kitchen & Bar Inventory Sheet with Par Levels
A2: AI Chef Pro — aichef.pro
A4: Track your restaurant's daily stock: what you have, what you're missing, and what it's worth.
A5: Each tab is a counting zone ("Kitchen", "Bar" and "Storeroom"), and the "Summary Dashboard" tab totals them.
A7: HOW TO USE:
A8: 1. Review the sample products and replace them with your own. The Category and Unit columns have a drop-down: use it, because the kit's analysis sheets aggregate by that exact text.
A9: 2. Adjust Par Level (your minimum working stock) and Par Max (how far you restock) product by product.
A10: 3. Enter the pre-tax purchase price in Price/unit: it's what makes the Value column and the summary work.
A11: 4. Every day, enter what you count in On Hand.
A12: 5. The Status column colors itself automatically:
A13: 🔴 REORDER = below par level
A14: 🟡 LOW = between par level and 1.5x par level
... A29: Version 2.0 · September 2026 · aichef.pro/en/digital-products/restaurant-inventory-templates · info@aichef.pro

Sheet Kitchen
A1: INVENTORY — KITCHEN
A2: Date: ___/___/______ Counted by: ________________
A3: Sample data; illustrative pre-tax prices — replace them with your own. Category and Unit have a drop-down.
A4: # | B4: Product | C4: Category | D4: Unit | E4: Par Level | F4: Par Max | G4: On Hand | H4: Status | I4: Order Qty | J4: Price/unit | K4: Value | L4: Vendor | M4: Notes
A5: 1 | B5: Boneless chicken breast | C5: Meat & Poultry | D5: lb | E5: 18 | F5: 40 | H5: =IF(OR($G5="",$E5=""),"",IF($G5<$E5,"🔴 REORDER",IF($G5<$E5*1.5,"🟡 LOW","🟢 OK"))) | I5: =IF(OR($G5="",$E5="",$F5=""),"",IF($G5<$E5*1.5,MAX(0,$F5-$G5),0)) | J5: 3.1 | K5: =IFERROR(IF(OR($G5="",$J5=""),"",$G5*$J5),"")
A6: 2 | B6: Beef tenderloin (PSMO) | C6: Meat & Poultry | D6: lb | E6: 6 | F6: 18 | H6: =IF(OR($G6="",$E6=""),"",IF($G6<$E6,"🔴 REORDER",IF($G6<$E6*1.5,"🟡 LOW","🟢 OK"))) | I6: =IF(OR($G6="",$E6="",$F6=""),"",IF($G6<$E6*1.5,MAX(0,$F6-$G6),0)) | J6: 17.21 | K6: =IFERROR(IF(OR($G6="",$J6=""),"",$G6*$J6),"")
A7: 3 | B7: Fresh salmon fillet | C7: Seafood | D7: lb | E7: 8 | F7: 20 | H7: =IF(OR($G7="",$E7=""),"",IF($G7<$E7,"🔴 REORDER",IF($G7<$E7*1.5,"🟡 LOW","🟢 OK"))) | I7: =IF(OR($G7="",$E7="",$F7=""),"",IF($G7<$E7*1.5,MAX(0,$F7-$G7),0)) | J7: 9.95 | K7: =IFERROR(IF(OR($G7="",$J7=""),"",$G7*$J7),"")
A8: 4 | B8: Shrimp 16/20 | C8: Seafood | D8: lb | E8: 6 | F8: 16 | H8: =IF(OR($G8="",$E8=""),"",IF($G8<$E8,"🔴 REORDER",IF($G8<$E8*1.5,"🟡 LOW","🟢 OK"))) | I8: =IF(OR($G8="",$E8="",$F8=""),"",IF($G8<$E8*1.5,MAX(0,$F8-$G8),0)) | J8: 8.99 | K8: =IFERROR(IF(OR($G8="",$J8=""),"",$G8*$J8),"")
A9: 5 | B9: Tomatoes | C9: Produce | D9: lb | E9: 25 | F9: 50 | H9: =IF(OR($G9="",$E9=""),"",IF($G9<$E9,"🔴 REORDER",IF($G9<$E9*1.5,"🟡 LOW","🟢 OK"))) | I9: =IF(OR($G9="",$E9="",$F9=""),"",IF($G9<$E9*1.5,MAX(0,$F9-$G9),0)) | J9: 1.98 | K9: =IFERROR(IF(OR($G9="",$J9=""),"",$G9*$J9),"")
A10: 6 | B10: Yellow onions | C10: Produce | D10: lb | E10: 20 | F10: 50 | H10: =IF(OR($G10="",$E10=""),"",IF($G10<$E10,"🔴 REORDER",IF($G10<$E10*1.5,"🟡 LOW","🟢 OK"))) | I10: =IF(OR($G10="",$E10="",$F10=""),"",IF($G10<$E10*1.5,MAX(0,$F10-$G10),0)) | J10: 1.22 | K10: =IFERROR(IF(OR($G10="",$J10=""),"",$G10*$J10),"")
A11: 7 | B11: Romaine lettuce | C11: Produce | D11: each | E11: 12 | F11: 24 | H11: =IF(OR($G11="",$E11=""),"",IF($G11<$E11,"🔴 REORDER",IF($G11<$E11*1.5,"🟡 LOW","🟢 OK"))) | I11: =IF(OR($G11="",$E11="",$F11=""),"",IF($G11<$E11*1.5,MAX(0,$F11-$G11),0)) | J11: 1.6 | K11: =IFERROR(IF(OR($G11="",$J11=""),"",$G11*$J11),"")
A12: 8 | B12: Russet potatoes | C12: Produce | D12: lb | E12: 50 | F12: 150 | H12: =IF(OR($G12="",$E12=""),"",IF($G12<$E12,"🔴 REORDER",IF($G12<$E12*1.5,"🟡 LOW","🟢 OK"))) | I12: =IF(OR($G12="",$E12="",$F12=""),"",IF($G12<$E12*1.5,MAX(0,$F12-$G12),0)) | J12: 0.73 | K12: =IFERROR(IF(OR($G12="",$J12=""),"",$G12*$J12),"")
A13: 9 | B13: Extra virgin olive oil | C13: Dry Goods | D13: gal | E13: 3 | F13: 8 | H13: =IF(OR($G13="",$E13=""),"",IF($G13<$E13,"🔴 REORDER",IF($G13<$E13*1.5,"🟡 LOW","🟢 OK"))) | I13: =IF(OR($G13="",$E13="",$F13=""),"",IF($G13<$E13*1.5,MAX(0,$F13-$G13),0)) | J13: 32.48 | K13: =IFERROR(IF(OR($G13="",$J13=""),"",$G13*$J13),"")
A14: 10 | B14: Kosher salt | C14: Dry Goods | D14: lb | E14: 6 | F14: 18 | H14: =IF(OR($G14="",$E14=""),"",IF($G14<$E14,"🔴 REORDER",IF($G14<$E14*1.5,"🟡 LOW","🟢 OK"))) | I14: =IF(OR($G14="",$E14="",$F14=""),"",IF($G14<$E14*1.5,MAX(0,$F14-$G14),0)) | J14: 1.18 | K14: =IFERROR(IF(OR($G14="",$J14=""),"",$G14*$J14),"")
A15: 11 | B15: Ground black pepper | C15: Dry Goods | D15: lb | E15: 2 | F15: 5 | H15: =IF(OR($G15="",$E15=""),"",IF($G15<$E15,"🔴 REORDER",IF($G15<$E15*1.5,"🟡 LOW","🟢 OK"))) | I15: =IF(OR($G15="",$E15="",$F15=""),"",IF($G15<$E15*1.5,MAX(0,$F15-$G15),0)) | J15: 7.2 | K15: =IFERROR(IF(OR($G15="",$J15=""),"",$G15*$J15),"")
A16: 12 | B16: Arborio rice | C16: Dry Goods | D16: lb | E16: 20 | F16: 50 | H16: =IF(OR($G16="",$E16=""),"",IF($G16<$E16,"🔴 REORDER",IF($G16<$E16*1.5,"🟡 LOW","🟢 OK"))) | I16: =IF(OR($G16="",$E16="",$F16=""),"",IF($G16<$E16*1.5,MAX(0,$F16-$G16),0)) | J16: 2.1 | K16: =IFERROR(IF(OR($G16="",$J16=""),"",$G16*$J16),"")
... A24: 20 | B24: Peeled garlic | C24: Produce | D24: lb | E24: 5 | F24: 15 | H24: =IF(OR($G24="",$E24=""),"",IF($G24<$E24,"🔴 REORDER",IF($G24<$E24*1.5,"🟡 LOW","🟢 OK"))) | I24: =IF(OR($G24="",$E24="",$F24=""),"",IF($G24<$E24*1.5,MAX(0,$F24-$G24),0)) | J24: 4.1 | K24: =IFERROR(IF(OR($G24="",$J24=""),"",$G24*$J24),"")
A25: 21 | H25: =IF(OR($G25="",$E25=""),"",IF($G25<$E25,"🔴 REORDER",IF($G25<$E25*1.5,"🟡 LOW","🟢 OK"))) | I25: =IF(OR($G25="",$E25="",$F25=""),"",IF($G25<$E25*1.5,MAX(0,$F25-$G25),0)) | K25: =IFERROR(IF(OR($G25="",$J25=""),"",$G25*$J25),"")
A26: 22 | H26: =IF(OR($G26="",$E26=""),"",IF($G26<$E26,"🔴 REORDER",IF($G26<$E26*1.5,"🟡 LOW","🟢 OK"))) | I26: =IF(OR($G26="",$E26="",$F26=""),"",IF($G26<$E26*1.5,MAX(0,$F26-$G26),0)) | K26: =IFERROR(IF(OR($G26="",$J26=""),"",$G26*$J26),"")
A27: 23 | H27: =IF(OR($G27="",$E27=""),"",IF($G27<$E27,"🔴 REORDER",IF($G27<$E27*1.5,"🟡 LOW","🟢 OK"))) | I27: =IF(OR($G27="",$E27="",$F27=""),"",IF($G27<$E27*1.5,MAX(0,$F27-$G27),0)) | K27: =IFERROR(IF(OR($G27="",$J27=""),"",$G27*$J27),"")
A28: 24 | H28: =IF(OR($G28="",$E28=""),"",IF($G28<$E28,"🔴 REORDER",IF($G28<$E28*1.5,"🟡 LOW","🟢 OK"))) | I28: =IF(OR($G28="",$E28="",$F28=""),"",IF($G28<$E28*1.5,MAX(0,$F28-$G28),0)) | K28: =IFERROR(IF(OR($G28="",$J28=""),"",$G28*$J28),"")
A29: 25 | H29: =IF(OR($G29="",$E29=""),"",IF($G29<$E29,"🔴 REORDER",IF($G29<$E29*1.5,"🟡 LOW","🟢 OK"))) | I29: =IF(OR($G29="",$E29="",$F29=""),"",IF($G29<$E29*1.5,MAX(0,$F29-$G29),0)) | K29: =IFERROR(IF(OR($G29="",$J29=""),"",$G29*$J29),"")
A30: 26 | H30: =IF(OR($G30="",$E30=""),"",IF($G30<$E30,"🔴 REORDER",IF($G30<$E30*1.5,"🟡 LOW","🟢 OK"))) | I30: =IF(OR($G30="",$E30="",$F30=""),"",IF($G30<$E30*1.5,MAX(0,$F30-$G30),0)) | K30: =IFERROR(IF(OR($G30="",$J30=""),"",$G30*$J30),"")
A31: 27 | H31: =IF(OR($G31="",$E31=""),"",IF($G31<$E31,"🔴 REORDER",IF($G31<$E31*1.5,"🟡 LOW","🟢 OK"))) | I31: =IF(OR($G31="",$E31="",$F31=""),"",IF($G31<$E31*1.5,MAX(0,$F31-$G31),0)) | K31: =IFERROR(IF(OR($G31="",$J31=""),"",$G31*$J31),"")
A32: 28 | H32: =IF(OR($G32="",$E32=""),"",IF($G32<$E32,"🔴 REORDER",IF($G32<$E32*1.5,"🟡 LOW","🟢 OK"))) | I32: =IF(OR($G32="",$E32="",$F32=""),"",IF($G32<$E32*1.5,MAX(0,$F32-$G32),0)) | K32: =IFERROR(IF(OR($G32="",$J32=""),"",$G32*$J32),"")
A33: 29 | H33: =IF(OR($G33="",$E33=""),"",IF($G33<$E33,"🔴 REORDER",IF($G33<$E33*1.5,"🟡 LOW","🟢 OK"))) | I33: =IF(OR($G33="",$E33="",$F33=""),"",IF($G33<$E33*1.5,MAX(0,$F33-$G33),0)) | K33: =IFERROR(IF(OR($G33="",$J33=""),"",$G33*$J33),"")
A34: 30 | H34: =IF(OR($G34="",$E34=""),"",IF($G34<$E34,"🔴 REORDER",IF($G34<$E34*1.5,"🟡 LOW","🟢 OK"))) | I34: =IF(OR($G34="",$E34="",$F34=""),"",IF($G34<$E34*1.5,MAX(0,$F34-$G34),0)) | K34: =IFERROR(IF(OR($G34="",$J34=""),"",$G34*$J34),"")
A35: 31 | H35: =IF(OR($G35="",$E35=""),"",IF($G35<$E35,"🔴 REORDER",IF($G35<$E35*1.5,"🟡 LOW","🟢 OK"))) | I35: =IF(OR($G35="",$E35="",$F35=""),"",IF($G35<$E35*1.5,MAX(0,$F35-$G35),0)) | K35: =IFERROR(IF(OR($G35="",$J35=""),"",$G35*$J35),"")
A36: 32 | H36: =IF(OR($G36="",$E36=""),"",IF($G36<$E36,"🔴 REORDER",IF($G36<$E36*1.5,"🟡 LOW","🟢 OK"))) | I36: =IF(OR($G36="",$E36="",$F36=""),"",IF($G36<$E36*1.5,MAX(0,$F36-$G36),0)) | K36: =IFERROR(IF(OR($G36="",$J36=""),"",$G36*$J36),"")
... A44: 40 | H44: =IF(OR($G44="",$E44=""),"",IF($G44<$E44,"🔴 REORDER",IF($G44<$E44*1.5,"🟡 LOW","🟢 OK"))) | I44: =IF(OR($G44="",$E44="",$F44=""),"",IF($G44<$E44*1.5,MAX(0,$F44-$G44),0)) | K44: =IFERROR(IF(OR($G44="",$J44=""),"",$G44*$J44),"")
A47: © 2026 AI Chef Pro · aichef.pro

Sheet Bar
A1: INVENTORY — BAR
A2: Date: ___/___/______ Counted by: ________________
A3: Sample data; illustrative pre-tax prices — replace them with your own. Category and Unit have a drop-down.
A4: # | B4: Product | C4: Category | D4: Unit | E4: Par Level | F4: Par Max | G4: On Hand | H4: Status | I4: Order Qty | J4: Price/unit | K4: Value | L4: Vendor | M4: Notes
A5: 1 | B5: Whole bean coffee | C5: Dry Goods | D5: lb | E5: 12 | F5: 30 | H5: =IF(OR($G5="",$E5=""),"",IF($G5<$E5,"🔴 REORDER",IF($G5<$E5*1.5,"🟡 LOW","🟢 OK"))) | I5: =IF(OR($G5="",$E5="",$F5=""),"",IF($G5<$E5*1.5,MAX(0,$F5-$G5),0)) | J5: 7.9 | K5: =IFERROR(IF(OR($G5="",$J5=""),"",$G5*$J5),"")
A6: 2 | B6: Whole milk | C6: Dairy & Eggs | D6: gal | E6: 6 | F6: 16 | H6: =IF(OR($G6="",$E6=""),"",IF($G6<$E6,"🔴 REORDER",IF($G6<$E6*1.5,"🟡 LOW","🟢 OK"))) | I6: =IF(OR($G6="",$E6="",$F6=""),"",IF($G6<$E6*1.5,MAX(0,$F6-$G6),0)) | J6: 4.23 | K6: =IFERROR(IF(OR($G6="",$J6=""),"",$G6*$J6),"")
A7: 3 | B7: Oat milk (barista) | C7: Non-Alcoholic Beverages | D7: qt | E7: 6 | F7: 18 | H7: =IF(OR($G7="",$E7=""),"",IF($G7<$E7,"🔴 REORDER",IF($G7<$E7*1.5,"🟡 LOW","🟢 OK"))) | I7: =IF(OR($G7="",$E7="",$F7=""),"",IF($G7<$E7*1.5,MAX(0,$F7-$G7),0)) | J7: 3.33 | K7: =IFERROR(IF(OR($G7="",$J7=""),"",$G7*$J7),"")
A8: 4 | B8: Orange juice | C8: Non-Alcoholic Beverages | D8: gal | E8: 2 | F8: 5 | H8: =IF(OR($G8="",$E8=""),"",IF($G8<$E8,"🔴 REORDER",IF($G8<$E8*1.5,"🟡 LOW","🟢 OK"))) | I8: =IF(OR($G8="",$E8="",$F8=""),"",IF($G8<$E8*1.5,MAX(0,$F8-$G8),0)) | J8: 7.5 | K8: =IFERROR(IF(OR($G8="",$J8=""),"",$G8*$J8),"")
A9: 5 | B9: Cola (12 fl oz) | C9: Non-Alcoholic Beverages | D9: can | E9: 48 | F9: 120 | H9: =IF(OR($G9="",$E9=""),"",IF($G9<$E9,"🔴 REORDER",IF($G9<$E9*1.5,"🟡 LOW","🟢 OK"))) | I9: =IF(OR($G9="",$E9="",$F9=""),"",IF($G9<$E9*1.5,MAX(0,$F9-$G9),0)) | J9: 0.5 | K9: =IFERROR(IF(OR($G9="",$J9=""),"",$G9*$J9),"")
A10: 6 | B10: Draft beer (1/2 bbl) | C10: Alcoholic Beverages | D10: keg | E10: 2 | F10: 6 | H10: =IF(OR($G10="",$E10=""),"",IF($G10<$E10,"🔴 REORDER",IF($G10<$E10*1.5,"🟡 LOW","🟢 OK"))) | I10: =IF(OR($G10="",$E10="",$F10=""),"",IF($G10<$E10*1.5,MAX(0,$F10-$G10),0)) | J10: 165 | K10: =IFERROR(IF(OR($G10="",$J10=""),"",$G10*$J10),"")
A11: 7 | B11: Bottled water | C11: Non-Alcoholic Beverages | D11: bottle | E11: 48 | F11: 144 | H11: =IF(OR($G11="",$E11=""),"",IF($G11<$E11,"🔴 REORDER",IF($G11<$E11*1.5,"🟡 LOW","🟢 OK"))) | I11: =IF(OR($G11="",$E11="",$F11=""),"",IF($G11<$E11*1.5,MAX(0,$F11-$G11),0)) | J11: 0.3 | K11: =IFERROR(IF(OR($G11="",$J11=""),"",$G11*$J11),"")
A12: 8 | B12: Premium tonic water | C12: Non-Alcoholic Beverages | D12: bottle | E12: 24 | F12: 72 | H12: =IF(OR($G12="",$E12=""),"",IF($G12<$E12,"🔴 REORDER",IF($G12<$E12*1.5,"🟡 LOW","🟢 OK"))) | I12: =IF(OR($G12="",$E12="",$F12=""),"",IF($G12<$E12*1.5,MAX(0,$F12-$G12),0)) | J12: 1.71 | K12: =IFERROR(IF(OR($G12="",$J12=""),"",$G12*$J12),"")
A13: 9 | B13: House red wine (750 ml) | C13: Alcoholic Beverages | D13: bottle | E13: 12 | F13: 36 | H13: =IF(OR($G13="",$E13=""),"",IF($G13<$E13,"🔴 REORDER",IF($G13<$E13*1.5,"🟡 LOW","🟢 OK"))) | I13: =IF(OR($G13="",$E13="",$F13=""),"",IF($G13<$E13*1.5,MAX(0,$F13-$G13),0)) | J13: 10.31 | K13: =IFERROR(IF(OR($G13="",$J13=""),"",$G13*$J13),"")
A14: 10 | B14: House white wine (750 ml) | C14: Alcoholic Beverages | D14: bottle | E14: 12 | F14: 36 | H14: =IF(OR($G14="",$E14=""),"",IF($G14<$E14,"🔴 REORDER",IF($G14<$E14*1.5,"🟡 LOW","🟢 OK"))) | I14: =IF(OR($G14="",$E14="",$F14=""),"",IF($G14<$E14*1.5,MAX(0,$F14-$G14),0)) | J14: 10.31 | K14: =IFERROR(IF(OR($G14="",$J14=""),"",$G14*$J14),"")
A15: 11 | B15: Bagged ice (20 lb) | C15: Frozen | D15: bag | E15: 6 | F15: 15 | H15: =IF(OR($G15="",$E15=""),"",IF($G15<$E15,"🔴 REORDER",IF($G15<$E15*1.5,"🟡 LOW","🟢 OK"))) | I15: =IF(OR($G15="",$E15="",$F15=""),"",IF($G15<$E15*1.5,MAX(0,$F15-$G15),0)) | J15: 4 | K15: =IFERROR(IF(OR($G15="",$J15=""),"",$G15*$J15),"")
A16: 12 | B16: Granulated sugar | C16: Dry Goods | D16: lb | E16: 20 | F16: 50 | H16: =IF(OR($G16="",$E16=""),"",IF($G16<$E16,"🔴 REORDER",IF($G16<$E16*1.5,"🟡 LOW","🟢 OK"))) | I16: =IF(OR($G16="",$E16="",$F16=""),"",IF($G16<$E16*1.5,MAX(0,$F16-$G16),0)) | J16: 1.01 | K16: =IFERROR(IF(OR($G16="",$J16=""),"",$G16*$J16),"")
... A19: 15 | B19: Disposable cups | C19: Paper & Cleaning | D19: pack | E19: 6 | F19: 18 | H19: =IF(OR($G19="",$E19=""),"",IF($G19<$E19,"🔴 REORDER",IF($G19<$E19*1.5,"🟡 LOW","🟢 OK"))) | I19: =IF(OR($G19="",$E19="",$F19=""),"",IF($G19<$E19*1.5,MAX(0,$F19-$G19),0)) | J19: 6.5 | K19: =IFERROR(IF(OR($G19="",$J19=""),"",$G19*$J19),"")
A20: 16 | H20: =IF(OR($G20="",$E20=""),"",IF($G20<$E20,"🔴 REORDER",IF($G20<$E20*1.5,"🟡 LOW","🟢 OK"))) | I20: =IF(OR($G20="",$E20="",$F20=""),"",IF($G20<$E20*1.5,MAX(0,$F20-$G20),0)) | K20: =IFERROR(IF(OR($G20="",$J20=""),"",$G20*$J20),"")
A21: 17 | H21: =IF(OR($G21="",$E21=""),"",IF($G21<$E21,"🔴 REORDER",IF($G21<$E21*1.5,"🟡 LOW","🟢 OK"))) | I21: =IF(OR($G21="",$E21="",$F21=""),"",IF($G21<$E21*1.5,MAX(0,$F21-$G21),0)) | K21: =IFERROR(IF(OR($G21="",$J21=""),"",$G21*$J21),"")
A22: 18 | H22: =IF(OR($G22="",$E22=""),"",IF($G22<$E22,"🔴 REORDER",IF($G22<$E22*1.5,"🟡 LOW","🟢 OK"))) | I22: =IF(OR($G22="",$E22="",$F22=""),"",IF($G22<$E22*1.5,MAX(0,$F22-$G22),0)) | K22: =IFERROR(IF(OR($G22="",$J22=""),"",$G22*$J22),"")
A23: 19 | H23: =IF(OR($G23="",$E23=""),"",IF($G23<$E23,"🔴 REORDER",IF($G23<$E23*1.5,"🟡 LOW","🟢 OK"))) | I23: =IF(OR($G23="",$E23="",$F23=""),"",IF($G23<$E23*1.5,MAX(0,$F23-$G23),0)) | K23: =IFERROR(IF(OR($G23="",$J23=""),"",$G23*$J23),"")
A24: 20 | H24: =IF(OR($G24="",$E24=""),"",IF($G24<$E24,"🔴 REORDER",IF($G24<$E24*1.5,"🟡 LOW","🟢 OK"))) | I24: =IF(OR($G24="",$E24="",$F24=""),"",IF($G24<$E24*1.5,MAX(0,$F24-$G24),0)) | K24: =IFERROR(IF(OR($G24="",$J24=""),"",$G24*$J24),"")
A25: 21 | H25: =IF(OR($G25="",$E25=""),"",IF($G25<$E25,"🔴 REORDER",IF($G25<$E25*1.5,"🟡 LOW","🟢 OK"))) | I25: =IF(OR($G25="",$E25="",$F25=""),"",IF($G25<$E25*1.5,MAX(0,$F25-$G25),0)) | K25: =IFERROR(IF(OR($G25="",$J25=""),"",$G25*$J25),"")
A26: 22 | H26: =IF(OR($G26="",$E26=""),"",IF($G26<$E26,"🔴 REORDER",IF($G26<$E26*1.5,"🟡 LOW","🟢 OK"))) | I26: =IF(OR($G26="",$E26="",$F26=""),"",IF($G26<$E26*1.5,MAX(0,$F26-$G26),0)) | K26: =IFERROR(IF(OR($G26="",$J26=""),"",$G26*$J26),"")
A27: 23 | H27: =IF(OR($G27="",$E27=""),"",IF($G27<$E27,"🔴 REORDER",IF($G27<$E27*1.5,"🟡 LOW","🟢 OK"))) | I27: =IF(OR($G27="",$E27="",$F27=""),"",IF($G27<$E27*1.5,MAX(0,$F27-$G27),0)) | K27: =IFERROR(IF(OR($G27="",$J27=""),"",$G27*$J27),"")
A28: 24 | H28: =IF(OR($G28="",$E28=""),"",IF($G28<$E28,"🔴 REORDER",IF($G28<$E28*1.5,"🟡 LOW","🟢 OK"))) | I28: =IF(OR($G28="",$E28="",$F28=""),"",IF($G28<$E28*1.5,MAX(0,$F28-$G28),0)) | K28: =IFERROR(IF(OR($G28="",$J28=""),"",$G28*$J28),"")
A29: 25 | H29: =IF(OR($G29="",$E29=""),"",IF($G29<$E29,"🔴 REORDER",IF($G29<$E29*1.5,"🟡 LOW","🟢 OK"))) | I29: =IF(OR($G29="",$E29="",$F29=""),"",IF($G29<$E29*1.5,MAX(0,$F29-$G29),0)) | K29: =IFERROR(IF(OR($G29="",$J29=""),"",$G29*$J29),"")
A30: 26 | H30: =IF(OR($G30="",$E30=""),"",IF($G30<$E30,"🔴 REORDER",IF($G30<$E30*1.5,"🟡 LOW","🟢 OK"))) | I30: =IF(OR($G30="",$E30="",$F30=""),"",IF($G30<$E30*1.5,MAX(0,$F30-$G30),0)) | K30: =IFERROR(IF(OR($G30="",$J30=""),"",$G30*$J30),"")
A31: 27 | H31: =IF(OR($G31="",$E31=""),"",IF($G31<$E31,"🔴 REORDER",IF($G31<$E31*1.5,"🟡 LOW","🟢 OK"))) | I31: =IF(OR($G31="",$E31="",$F31=""),"",IF($G31<$E31*1.5,MAX(0,$F31-$G31),0)) | K31: =IFERROR(IF(OR($G31="",$J31=""),"",$G31*$J31),"")
... A34: 30 | H34: =IF(OR($G34="",$E34=""),"",IF($G34<$E34,"🔴 REORDER",IF($G34<$E34*1.5,"🟡 LOW","🟢 OK"))) | I34: =IF(OR($G34="",$E34="",$F34=""),"",IF($G34<$E34*1.5,MAX(0,$F34-$G34),0)) | K34: =IFERROR(IF(OR($G34="",$J34=""),"",$G34*$J34),"")
A37: © 2026 AI Chef Pro · aichef.pro

Sheet Storeroom
A1: INVENTORY — STOREROOM
A2: Date: ___/___/______ Counted by: ________________
A3: Sample data; illustrative pre-tax prices — replace them with your own. Category and Unit have a drop-down.
A4: # | B4: Product | C4: Category | D4: Unit | E4: Par Level | F4: Par Max | G4: On Hand | H4: Status | I4: Order Qty | J4: Price/unit | K4: Value | L4: Vendor | M4: Notes
A5: 1 | B5: Paper towels | C5: Paper & Cleaning | D5: roll | E5: 12 | F5: 30 | H5: =IF(OR($G5="",$E5=""),"",IF($G5<$E5,"🔴 REORDER",IF($G5<$E5*1.5,"🟡 LOW","🟢 OK"))) | I5: =IF(OR($G5="",$E5="",$F5=""),"",IF($G5<$E5*1.5,MAX(0,$F5-$G5),0)) | J5: 2.4 | K5: =IFERROR(IF(OR($G5="",$J5=""),"",$G5*$J5),"")
A6: 2 | B6: Plastic wrap | C6: Paper & Cleaning | D6: roll | E6: 2 | F6: 4 | H6: =IF(OR($G6="",$E6=""),"",IF($G6<$E6,"🔴 REORDER",IF($G6<$E6*1.5,"🟡 LOW","🟢 OK"))) | I6: =IF(OR($G6="",$E6="",$F6=""),"",IF($G6<$E6*1.5,MAX(0,$F6-$G6),0)) | J6: 24 | K6: =IFERROR(IF(OR($G6="",$J6=""),"",$G6*$J6),"")
A7: 3 | B7: Aluminum foil | C7: Paper & Cleaning | D7: roll | E7: 2 | F7: 4 | H7: =IF(OR($G7="",$E7=""),"",IF($G7<$E7,"🔴 REORDER",IF($G7<$E7*1.5,"🟡 LOW","🟢 OK"))) | I7: =IF(OR($G7="",$E7="",$F7=""),"",IF($G7<$E7*1.5,MAX(0,$F7-$G7),0)) | J7: 34 | K7: =IFERROR(IF(OR($G7="",$J7=""),"",$G7*$J7),"")
A8: 4 | B8: Trash bags | C8: Paper & Cleaning | D8: pack | E8: 6 | F8: 15 | H8: =IF(OR($G8="",$E8=""),"",IF($G8<$E8,"🔴 REORDER",IF($G8<$E8*1.5,"🟡 LOW","🟢 OK"))) | I8: =IF(OR($G8="",$E8="",$F8=""),"",IF($G8<$E8*1.5,MAX(0,$F8-$G8),0)) | J8: 18 | K8: =IFERROR(IF(OR($G8="",$J8=""),"",$G8*$J8),"")
A9: 5 | B9: Nitrile gloves | C9: Paper & Cleaning | D9: case | E9: 1 | F9: 2 | H9: =IF(OR($G9="",$E9=""),"",IF($G9<$E9,"🔴 REORDER",IF($G9<$E9*1.5,"🟡 LOW","🟢 OK"))) | I9: =IF(OR($G9="",$E9="",$F9=""),"",IF($G9<$E9*1.5,MAX(0,$F9-$G9),0)) | J9: 62 | K9: =IFERROR(IF(OR($G9="",$J9=""),"",$G9*$J9),"")
A10: 6 | B10: Dish machine detergent | C10: Paper & Cleaning | D10: gal | E10: 5 | F10: 10 | H10: =IF(OR($G10="",$E10=""),"",IF($G10<$E10,"🔴 REORDER",IF($G10<$E10*1.5,"🟡 LOW","🟢 OK"))) | I10: =IF(OR($G10="",$E10="",$F10=""),"",IF($G10<$E10*1.5,MAX(0,$F10-$G10),0)) | J10: 16 | K10: =IFERROR(IF(OR($G10="",$J10=""),"",$G10*$J10),"")
A11: 7 | B11: Kitchen degreaser | C11: Paper & Cleaning | D11: gal | E11: 2 | F11: 4 | H11: =IF(OR($G11="",$E11=""),"",IF($G11<$E11,"🔴 REORDER",IF($G11<$E11*1.5,"🟡 LOW","🟢 OK"))) | I11: =IF(OR($G11="",$E11="",$F11=""),"",IF($G11<$E11*1.5,MAX(0,$F11-$G11),0)) | J11: 12 | K11: =IFERROR(IF(OR($G11="",$J11=""),"",$G11*$J11),"")
A12: 8 | B12: Sanitizer (quat) | C12: Paper & Cleaning | D12: gal | E12: 2 | F12: 4 | H12: =IF(OR($G12="",$E12=""),"",IF($G12<$E12,"🔴 REORDER",IF($G12<$E12*1.5,"🟡 LOW","🟢 OK"))) | I12: =IF(OR($G12="",$E12="",$F12=""),"",IF($G12<$E12*1.5,MAX(0,$F12-$G12),0)) | J12: 18 | K12: =IFERROR(IF(OR($G12="",$J12=""),"",$G12*$J12),"")
A13: 9 | B13: Full-size hotel pans | C13: Other | D13: each | E13: 6 | F13: 15 | H13: =IF(OR($G13="",$E13=""),"",IF($G13<$E13,"🔴 REORDER",IF($G13<$E13*1.5,"🟡 LOW","🟢 OK"))) | I13: =IF(OR($G13="",$E13="",$F13=""),"",IF($G13<$E13*1.5,MAX(0,$F13-$G13),0)) | J13: 18 | K13: =IFERROR(IF(OR($G13="",$J13=""),"",$G13*$J13),"")
A14: 10 | B14: Day dot date labels | C14: Other | D14: roll | E14: 3 | F14: 8 | H14: =IF(OR($G14="",$E14=""),"",IF($G14<$E14,"🔴 REORDER",IF($G14<$E14*1.5,"🟡 LOW","🟢 OK"))) | I14: =IF(OR($G14="",$E14="",$F14=""),"",IF($G14<$E14*1.5,MAX(0,$F14-$G14),0)) | J14: 7.5 | K14: =IFERROR(IF(OR($G14="",$J14=""),"",$G14*$J14),"")
A15: 11 | B15: POS receipt paper rolls | C15: Other | D15: pack | E15: 5 | F15: 12 | H15: =IF(OR($G15="",$E15=""),"",IF($G15<$E15,"🔴 REORDER",IF($G15<$E15*1.5,"🟡 LOW","🟢 OK"))) | I15: =IF(OR($G15="",$E15="",$F15=""),"",IF($G15<$E15*1.5,MAX(0,$F15-$G15),0)) | J15: 12 | K15: =IFERROR(IF(OR($G15="",$J15=""),"",$G15*$J15),"")
A16: 12 | B16: Beverage napkins (storeroom backup) | C16: Paper & Cleaning | D16: case | E16: 2 | F16: 5 | H16: =IF(OR($G16="",$E16=""),"",IF($G16<$E16,"🔴 REORDER",IF($G16<$E16*1.5,"🟡 LOW","🟢 OK"))) | I16: =IF(OR($G16="",$E16="",$F16=""),"",IF($G16<$E16*1.5,MAX(0,$F16-$G16),0)) | J16: 28 | K16: =IFERROR(IF(OR($G16="",$J16=""),"",$G16*$J16),"")
... A19: 15 | B19: Dried beans | C19: Dry Goods | D19: lb | E19: 20 | F19: 50 | H19: =IF(OR($G19="",$E19=""),"",IF($G19<$E19,"🔴 REORDER",IF($G19<$E19*1.5,"🟡 LOW","🟢 OK"))) | I19: =IF(OR($G19="",$E19="",$F19=""),"",IF($G19<$E19*1.5,MAX(0,$F19-$G19),0)) | J19: 1.3 | K19: =IFERROR(IF(OR($G19="",$J19=""),"",$G19*$J19),"")
A20: 16 | H20: =IF(OR($G20="",$E20=""),"",IF($G20<$E20,"🔴 REORDER",IF($G20<$E20*1.5,"🟡 LOW","🟢 OK"))) | I20: =IF(OR($G20="",$E20="",$F20=""),"",IF($G20<$E20*1.5,MAX(0,$F20-$G20),0)) | K20: =IFERROR(IF(OR($G20="",$J20=""),"",$G20*$J20),"")
A21: 17 | H21: =IF(OR($G21="",$E21=""),"",IF($G21<$E21,"🔴 REORDER",IF($G21<$E21*1.5,"🟡 LOW","🟢 OK"))) | I21: =IF(OR($G21="",$E21="",$F21=""),"",IF($G21<$E21*1.5,MAX(0,$F21-$G21),0)) | K21: =IFERROR(IF(OR($G21="",$J21=""),"",$G21*$J21),"")
A22: 18 | H22: =IF(OR($G22="",$E22=""),"",IF($G22<$E22,"🔴 REORDER",IF($G22<$E22*1.5,"🟡 LOW","🟢 OK"))) | I22: =IF(OR($G22="",$E22="",$F22=""),"",IF($G22<$E22*1.5,MAX(0,$F22-$G22),0)) | K22: =IFERROR(IF(OR($G22="",$J22=""),"",$G22*$J22),"")
A23: 19 | H23: =IF(OR($G23="",$E23=""),"",IF($G23<$E23,"🔴 REORDER",IF($G23<$E23*1.5,"🟡 LOW","🟢 OK"))) | I23: =IF(OR($G23="",$E23="",$F23=""),"",IF($G23<$E23*1.5,MAX(0,$F23-$G23),0)) | K23: =IFERROR(IF(OR($G23="",$J23=""),"",$G23*$J23),"")
A24: 20 | H24: =IF(OR($G24="",$E24=""),"",IF($G24<$E24,"🔴 REORDER",IF($G24<$E24*1.5,"🟡 LOW","🟢 OK"))) | I24: =IF(OR($G24="",$E24="",$F24=""),"",IF($G24<$E24*1.5,MAX(0,$F24-$G24),0)) | K24: =IFERROR(IF(OR($G24="",$J24=""),"",$G24*$J24),"")
A25: 21 | H25: =IF(OR($G25="",$E25=""),"",IF($G25<$E25,"🔴 REORDER",IF($G25<$E25*1.5,"🟡 LOW","🟢 OK"))) | I25: =IF(OR($G25="",$E25="",$F25=""),"",IF($G25<$E25*1.5,MAX(0,$F25-$G25),0)) | K25: =IFERROR(IF(OR($G25="",$J25=""),"",$G25*$J25),"")
A26: 22 | H26: =IF(OR($G26="",$E26=""),"",IF($G26<$E26,"🔴 REORDER",IF($G26<$E26*1.5,"🟡 LOW","🟢 OK"))) | I26: =IF(OR($G26="",$E26="",$F26=""),"",IF($G26<$E26*1.5,MAX(0,$F26-$G26),0)) | K26: =IFERROR(IF(OR($G26="",$J26=""),"",$G26*$J26),"")
A27: 23 | H27: =IF(OR($G27="",$E27=""),"",IF($G27<$E27,"🔴 REORDER",IF($G27<$E27*1.5,"🟡 LOW","🟢 OK"))) | I27: =IF(OR($G27="",$E27="",$F27=""),"",IF($G27<$E27*1.5,MAX(0,$F27-$G27),0)) | K27: =IFERROR(IF(OR($G27="",$J27=""),"",$G27*$J27),"")
A28: 24 | H28: =IF(OR($G28="",$E28=""),"",IF($G28<$E28,"🔴 REORDER",IF($G28<$E28*1.5,"🟡 LOW","🟢 OK"))) | I28: =IF(OR($G28="",$E28="",$F28=""),"",IF($G28<$E28*1.5,MAX(0,$F28-$G28),0)) | K28: =IFERROR(IF(OR($G28="",$J28=""),"",$G28*$J28),"")
A29: 25 | H29: =IF(OR($G29="",$E29=""),"",IF($G29<$E29,"🔴 REORDER",IF($G29<$E29*1.5,"🟡 LOW","🟢 OK"))) | I29: =IF(OR($G29="",$E29="",$F29=""),"",IF($G29<$E29*1.5,MAX(0,$F29-$G29),0)) | K29: =IFERROR(IF(OR($G29="",$J29=""),"",$G29*$J29),"")
A30: 26 | H30: =IF(OR($G30="",$E30=""),"",IF($G30<$E30,"🔴 REORDER",IF($G30<$E30*1.5,"🟡 LOW","🟢 OK"))) | I30: =IF(OR($G30="",$E30="",$F30=""),"",IF($G30<$E30*1.5,MAX(0,$F30-$G30),0)) | K30: =IFERROR(IF(OR($G30="",$J30=""),"",$G30*$J30),"")
A31: 27 | H31: =IF(OR($G31="",$E31=""),"",IF($G31<$E31,"🔴 REORDER",IF($G31<$E31*1.5,"🟡 LOW","🟢 OK"))) | I31: =IF(OR($G31="",$E31="",$F31=""),"",IF($G31<$E31*1.5,MAX(0,$F31-$G31),0)) | K31: =IFERROR(IF(OR($G31="",$J31=""),"",$G31*$J31),"")
... A34: 30 | H34: =IF(OR($G34="",$E34=""),"",IF($G34<$E34,"🔴 REORDER",IF($G34<$E34*1.5,"🟡 LOW","🟢 OK"))) | I34: =IF(OR($G34="",$E34="",$F34=""),"",IF($G34<$E34*1.5,MAX(0,$F34-$G34),0)) | K34: =IFERROR(IF(OR($G34="",$J34=""),"",$G34*$J34),"")
A37: © 2026 AI Chef Pro · aichef.pro

Sheet Summary Dashboard
A1: STOCK SUMMARY
A2: Everything here pulls automatically from "Kitchen", "Bar" and "Storeroom": nothing gets typed here.
A3: Zone | B3: Products with low stock | C3: Products to order | D3: Total stock value
A4: Kitchen | B4: =COUNTIF(Kitchen!$H$5:$H$44,"*LOW*") -> 0 | C4: =COUNTIF(Kitchen!$H$5:$H$44,"*REORDER*") -> 0 | D4: =SUM(Kitchen!$K$5:$K$44) -> 0
A5: Bar | B5: =COUNTIF(Bar!$H$5:$H$34,"*LOW*") -> 0 | C5: =COUNTIF(Bar!$H$5:$H$34,"*REORDER*") -> 0 | D5: =SUM(Bar!$K$5:$K$34) -> 0
A6: Storeroom | B6: =COUNTIF(Storeroom!$H$5:$H$34,"*LOW*") -> 0 | C6: =COUNTIF(Storeroom!$H$5:$H$34,"*REORDER*") -> 0 | D6: =SUM(Storeroom!$K$5:$K$34) -> 0
A7: TOTAL | B7: =SUM($B$4:$B$6) -> 0 | C7: =SUM($C$4:$C$6) -> 0 | D7: =SUM($D$4:$D$6) -> 0
A8: STOCK VALUE BY CATEGORY
A9: Category | B9: Value | C9: % of Total
A10: Meat & Poultry | B10: =SUMIF(Kitchen!$C$5:$C$44,$A10,Kitchen!$K$5:$K$44)+SUMIF(Bar!$C$5:$C$34,$A10,Bar!$K$5:$K$34)+SUMIF(Storeroom!$C$5:$C$34,$A10,Storeroom!$K$5:$K$34) -> 0 | C10: =IFERROR($B10/$B$20,"")
A11: Seafood | B11: =SUMIF(Kitchen!$C$5:$C$44,$A11,Kitchen!$K$5:$K$44)+SUMIF(Bar!$C$5:$C$34,$A11,Bar!$K$5:$K$34)+SUMIF(Storeroom!$C$5:$C$34,$A11,Storeroom!$K$5:$K$34) -> 0 | C11: =IFERROR($B11/$B$20,"")
A12: Dairy & Eggs | B12: =SUMIF(Kitchen!$C$5:$C$44,$A12,Kitchen!$K$5:$K$44)+SUMIF(Bar!$C$5:$C$34,$A12,Bar!$K$5:$K$34)+SUMIF(Storeroom!$C$5:$C$34,$A12,Storeroom!$K$5:$K$34) -> 0 | C12: =IFERROR($B12/$B$20,"")
A13: Produce | B13: =SUMIF(Kitchen!$C$5:$C$44,$A13,Kitchen!$K$5:$K$44)+SUMIF(Bar!$C$5:$C$34,$A13,Bar!$K$5:$K$34)+SUMIF(Storeroom!$C$5:$C$34,$A13,Storeroom!$K$5:$K$34) -> 0 | C13: =IFERROR($B13/$B$20,"")
A14: Dry Goods | B14: =SUMIF(Kitchen!$C$5:$C$44,$A14,Kitchen!$K$5:$K$44)+SUMIF(Bar!$C$5:$C$34,$A14,Bar!$K$5:$K$34)+SUMIF(Storeroom!$C$5:$C$34,$A14,Storeroom!$K$5:$K$34) -> 0 | C14: =IFERROR($B14/$B$20,"")
A15: Frozen | B15: =SUMIF(Kitchen!$C$5:$C$44,$A15,Kitchen!$K$5:$K$44)+SUMIF(Bar!$C$5:$C$34,$A15,Bar!$K$5:$K$34)+SUMIF(Storeroom!$C$5:$C$34,$A15,Storeroom!$K$5:$K$34) -> 0 | C15: =IFERROR($B15/$B$20,"")
A16: Alcoholic Beverages | B16: =SUMIF(Kitchen!$C$5:$C$44,$A16,Kitchen!$K$5:$K$44)+SUMIF(Bar!$C$5:$C$34,$A16,Bar!$K$5:$K$34)+SUMIF(Storeroom!$C$5:$C$34,$A16,Storeroom!$K$5:$K$34) -> 0 | C16: =IFERROR($B16/$B$20,"")
A17: Non-Alcoholic Beverages | B17: =SUMIF(Kitchen!$C$5:$C$44,$A17,Kitchen!$K$5:$K$44)+SUMIF(Bar!$C$5:$C$34,$A17,Bar!$K$5:$K$34)+SUMIF(Storeroom!$C$5:$C$34,$A17,Storeroom!$K$5:$K$34) -> 0 | C17: =IFERROR($B17/$B$20,"")
A18: Paper & Cleaning | B18: =SUMIF(Kitchen!$C$5:$C$44,$A18,Kitchen!$K$5:$K$44)+SUMIF(Bar!$C$5:$C$34,$A18,Bar!$K$5:$K$34)+SUMIF(Storeroom!$C$5:$C$34,$A18,Storeroom!$K$5:$K$34) -> 0 | C18: =IFERROR($B18/$B$20,"")
A19: Other | B19: =SUMIF(Kitchen!$C$5:$C$44,$A19,Kitchen!$K$5:$K$44)+SUMIF(Bar!$C$5:$C$34,$A19,Bar!$K$5:$K$34)+SUMIF(Storeroom!$C$5:$C$34,$A19,Storeroom!$K$5:$K$34) -> 0 | C19: =IFERROR($B19/$B$20,"")
A20: TOTAL STOCK VALUE | B20: =SUM($B$10:$B$19) -> 0
A22: The total value below and the sum of the "Total stock value" column above have to match: if they don't, a category was typed by hand outside the drop-down.
