Workbook

Sheet Instructions
A1: Receiving Log (Temperatures & Credit Requests)
A2: AI Chef Pro — aichef.pro
A4: Check every delivery and keep the record an inspector will ask for: packing slip, lot number, temperature, compliance and signature.
A5: 1. When a vendor arrives, open "Receiving Log" and log one line per product.
A6: 2. Fill in the invoice/packing slip number and the lot number. These are the two pieces of data that support backward traceability: without them, the record doesn't hold up as a documentation prerequisite of your HACCP / food safety plan.
A7: 3. Choose the product's category (the same 10 used across the kit) and the "Suggested Family" column proposes the food safety family on its own. REFINE it in the "Family" column when the line calls for it: most raw meat, poultry, fish and dairy share the 41 °F (5 °C) limit, but live shellfish and shell eggs may arrive at up to 45 °F (7 °C), hot food must arrive at 135 °F (57 °C) or above, and frozen food must arrive frozen. Shell eggs are bought under "Dairy & Eggs", so switch them to "Shell eggs".
A8: 4. Type the measured temperature: the cell turns RED and the temperature check column says REJECT as soon as it falls outside its family's range. There are five possible answers and it pays to know them: ACCEPT · REJECT (too warm) · REJECT (too cold), because fish at -4 °F (-20 °C) arrived frozen and lettuce at 28 °F (-2 °C) is frost-damaged · N/A when that family is not temperature-controlled (dry goods, beverages, non-food) · and NO LIMIT FOR THIS FAMILY when what you typed in "Family" is not in the table. That last one is not a bug: it is the file refusing to give you an approval it cannot back up.
A9: 5. The difference between what you ordered and what you received calculates itself, and if you enter the price/unit, so does its VALUE IN YOUR CURRENCY: that's what you actually claim back from the vendor. Log whatever you don't accept in "Discrepancy Log" with that amount; the sum of that column minus credits received is what they owe you.
A10: 6. The "Receiving Temps" tab cites the regulation behind each limit and, on the right, bridges the kit's 10 purchasing categories with the regulatory families. Edit it only if your health authority tells you otherwise; it's protected without a password so it doesn't get deleted by accident, because every line's verdict depends on it.
A11: Thresholds taken from the FDA Food Code 2022. They document your records; they don't replace your HACCP / food safety plan or a consultant.
A13: To edit a locked cell: Review → Unprotect Sheet (no password). Green cells are already editable without unprotecting anything.
A14: Designed by John Guerrero — chef and restaurant consultant since 2010, in professional kitchens since age 17 · johnguerrero.es
A15: Version 2.0 · September 2026 · aichef.pro/en/digital-products/restaurant-inventory-templates · info@aichef.pro

Sheet Receiving Log
A1: RECEIVING LOG
A2: One line per product received. The first FOUR are a SAMPLE and tell a single story together with the Discrepancy Log: a short delivery, one rejected for temperature, one in poor condition, and one with no temperature control. Delete them before you start.
A3: Date | B3: Vendor | C3: Invoice/packing slip # | D3: Product | E3: Category (kit) | F3: Suggested Family | G3: Family | H3: Lot # | I3: Ordered (units) | J3: Received (units) | K3: Difference (units) | L3: Price/unit | M3: Value of difference | N3: Use-by | O3: Temp. °F | P3: Min temp. (°F) | Q3: Max temp. (°F) | R3: Compliant (temp.) | S3: Visual quality | T3: Discrepancy | U3: Received by | V3: Signature
A4: 46252 | B4: Prime Cut Meats (sample) | C4: INV-24518 | D4: Beef tenderloin (sample) | E4: Meat & Poultry | F4: =IF($E4="","",IFERROR(VLOOKUP($E4,'Receiving Temps'!$G$4:$H$13,2,FALSE),"")) -> Raw beef, pork & lamb | G4: Raw beef, pork & lamb | H4: L-260817 | I4: 24 | J4: 20 | K4: =IF(OR($I4="",$J4=""),"",$J4-$I4) -> -4 | L4: 17.21 | M4: =IF(OR($K4="",$L4=""),"",$K4*$L4) -> -68.84 | N4: 46259 | O4: 37 | P4: =IF(IF($G4="",$F4,$G4)="","",IFERROR(VLOOKUP(IF($G4="",$F4,$G4),'Receiving Temps'!$A$4:$E$18,3,FALSE),"")) -> 30 | Q4: =IF(IF($G4="",$F4,$G4)="","",IFERROR(VLOOKUP(IF($G4="",$F4,$G4),'Receiving Temps'!$A$4:$E$18,4,FALSE),"")) -> 41 | R4: =IF(OR($O4="",IF($G4="",$F4,$G4)=""),"",IF($Q4="N/A","N/A",IF($Q4="","⚠ NO LIMIT FOR THIS FAMILY",IF($O4<$P4,"✗ REJECT (too cold)",IF($O4<=$Q4,"✓ ACCEPT","✗ REJECT (too warm)"))))) -> ✓ ACCEPT | S4: ✓ | T4: 4 lb short of the 24 lb ordered: credit requested by email the same day | U4: Head chef
A5: 46252 | B5: Harbor Fresh Seafood (sample) | C5: INV-0091 | D5: Fresh cod fillet (sample) | E5: Seafood | F5: =IF($E5="","",IFERROR(VLOOKUP($E5,'Receiving Temps'!$G$4:$H$13,2,FALSE),"")) -> Fresh fish & shucked shellfish | G5: Fresh fish & shucked shellfish | H5: L-260818 | I5: 20 | J5: 20 | K5: =IF(OR($I5="",$J5=""),"",$J5-$I5) -> 0 | L5: 11.5 | M5: =IF(OR($K5="",$L5=""),"",$K5*$L5) -> 0 | N5: 46255 | O5: 46 | P5: =IF(IF($G5="",$F5,$G5)="","",IFERROR(VLOOKUP(IF($G5="",$F5,$G5),'Receiving Temps'!$A$4:$E$18,3,FALSE),"")) -> 30 | Q5: =IF(IF($G5="",$F5,$G5)="","",IFERROR(VLOOKUP(IF($G5="",$F5,$G5),'Receiving Temps'!$A$4:$E$18,4,FALSE),"")) -> 41 | R5: =IF(OR($O5="",IF($G5="",$F5,$G5)=""),"",IF($Q5="N/A","N/A",IF($Q5="","⚠ NO LIMIT FOR THIS FAMILY",IF($O5<$P5,"✗ REJECT (too cold)",IF($O5<=$Q5,"✓ ACCEPT","✗ REJECT (too warm)"))))) -> ✗ REJECT (too warm) | S5: ✗ | T5: Arrived at 46 °F against its group's 41 °F limit: whole lot sent back with the driver | U5: Sous chef
A6: 46253 | B6: Green Valley Produce (sample) | C6: INV-7742 | D6: Tomatoes (sample) | E6: Produce | F6: =IF($E6="","",IFERROR(VLOOKUP($E6,'Receiving Temps'!$G$4:$H$13,2,FALSE),"")) -> Whole produce | G6: Whole produce | H6: L-260819 | I6: 75 | J6: 75 | K6: =IF(OR($I6="",$J6=""),"",$J6-$I6) -> 0 | L6: 1.98 | M6: =IF(OR($K6="",$L6=""),"",$K6*$L6) -> 0 | N6: 46260 | O6: 48 | P6: =IF(IF($G6="",$F6,$G6)="","",IFERROR(VLOOKUP(IF($G6="",$F6,$G6),'Receiving Temps'!$A$4:$E$18,3,FALSE),"")) -> 32 | Q6: =IF(IF($G6="",$F6,$G6)="","",IFERROR(VLOOKUP(IF($G6="",$F6,$G6),'Receiving Temps'!$A$4:$E$18,4,FALSE),"")) -> 54 | R6: =IF(OR($O6="",IF($G6="",$F6,$G6)=""),"",IF($Q6="N/A","N/A",IF($Q6="","⚠ NO LIMIT FOR THIS FAMILY",IF($O6<$P6,"✗ REJECT (too cold)",IF($O6<=$Q6,"✓ ACCEPT","✗ REJECT (too warm)"))))) -> ✓ ACCEPT | S6: ✗ | T6: Two 25 lb cases with mold at the bottom: pulled and entered in the waste log | U6: Purchasing manager
A7: 46253 | B7: Pantry Foodservice Supply (sample) | C7: INV-7743 | D7: All-purpose flour, 50 lb bags (sample) | E7: Dry Goods | F7: =IF($E7="","",IFERROR(VLOOKUP($E7,'Receiving Temps'!$G$4:$H$13,2,FALSE),"")) -> Dry & canned goods (ambient) | G7: Dry & canned goods (ambient) | H7: L-260820 | I7: 100 | J7: 100 | K7: =IF(OR($I7="",$J7=""),"",$J7-$I7) -> 0 | L7: 0.6 | M7: =IF(OR($K7="",$L7=""),"",$K7*$L7) -> 0 | N7: 46437 | O7: 72 | P7: =IF(IF($G7="",$F7,$G7)="","",IFERROR(VLOOKUP(IF($G7="",$F7,$G7),'Receiving Temps'!$A$4:$E$18,3,FALSE),"")) -> N/A | Q7: =IF(IF($G7="",$F7,$G7)="","",IFERROR(VLOOKUP(IF($G7="",$F7,$G7),'Receiving Temps'!$A$4:$E$18,4,FALSE),"")) -> N/A | R7: =IF(OR($O7="",IF($G7="",$F7,$G7)=""),"",IF($Q7="N/A","N/A",IF($Q7="","⚠ NO LIMIT FOR THIS FAMILY",IF($O7<$P7,"✗ REJECT (too cold)",IF($O7<=$Q7,"✓ ACCEPT","✗ REJECT (too warm)"))))) -> N/A | S7: ✓ | U7: Purchasing manager
F8: =IF($E8="","",IFERROR(VLOOKUP($E8,'Receiving Temps'!$G$4:$H$13,2,FALSE),"")) | K8: =IF(OR($I8="",$J8=""),"",$J8-$I8) | M8: =IF(OR($K8="",$L8=""),"",$K8*$L8) | P8: =IF(IF($G8="",$F8,$G8)="","",IFERROR(VLOOKUP(IF($G8="",$F8,$G8),'Receiving Temps'!$A$4:$E$18,3,FALSE),"")) | Q8: =IF(IF($G8="",$F8,$G8)="","",IFERROR(VLOOKUP(IF($G8="",$F8,$G8),'Receiving Temps'!$A$4:$E$18,4,FALSE),"")) | R8: =IF(OR($O8="",IF($G8="",$F8,$G8)=""),"",IF($Q8="N/A","N/A",IF($Q8="","⚠ NO LIMIT FOR THIS FAMILY",IF($O8<$P8,"✗ REJECT (too cold)",IF($O8<=$Q8,"✓ ACCEPT","✗ REJECT (too warm)")))))
F9: =IF($E9="","",IFERROR(VLOOKUP($E9,'Receiving Temps'!$G$4:$H$13,2,FALSE),"")) | K9: =IF(OR($I9="",$J9=""),"",$J9-$I9) | M9: =IF(OR($K9="",$L9=""),"",$K9*$L9) | P9: =IF(IF($G9="",$F9,$G9)="","",IFERROR(VLOOKUP(IF($G9="",$F9,$G9),'Receiving Temps'!$A$4:$E$18,3,FALSE),"")) | Q9: =IF(IF($G9="",$F9,$G9)="","",IFERROR(VLOOKUP(IF($G9="",$F9,$G9),'Receiving Temps'!$A$4:$E$18,4,FALSE),"")) | R9: =IF(OR($O9="",IF($G9="",$F9,$G9)=""),"",IF($Q9="N/A","N/A",IF($Q9="","⚠ NO LIMIT FOR THIS FAMILY",IF($O9<$P9,"✗ REJECT (too cold)",IF($O9<=$Q9,"✓ ACCEPT","✗ REJECT (too warm)")))))
F10: =IF($E10="","",IFERROR(VLOOKUP($E10,'Receiving Temps'!$G$4:$H$13,2,FALSE),"")) | K10: =IF(OR($I10="",$J10=""),"",$J10-$I10) | M10: =IF(OR($K10="",$L10=""),"",$K10*$L10) | P10: =IF(IF($G10="",$F10,$G10)="","",IFERROR(VLOOKUP(IF($G10="",$F10,$G10),'Receiving Temps'!$A$4:$E$18,3,FALSE),"")) | Q10: =IF(IF($G10="",$F10,$G10)="","",IFERROR(VLOOKUP(IF($G10="",$F10,$G10),'Receiving Temps'!$A$4:$E$18,4,FALSE),"")) | R10: =IF(OR($O10="",IF($G10="",$F10,$G10)=""),"",IF($Q10="N/A","N/A",IF($Q10="","⚠ NO LIMIT FOR THIS FAMILY",IF($O10<$P10,"✗ REJECT (too cold)",IF($O10<=$Q10,"✓ ACCEPT","✗ REJECT (too warm)")))))
F11: =IF($E11="","",IFERROR(VLOOKUP($E11,'Receiving Temps'!$G$4:$H$13,2,FALSE),"")) | K11: =IF(OR($I11="",$J11=""),"",$J11-$I11) | M11: =IF(OR($K11="",$L11=""),"",$K11*$L11) | P11: =IF(IF($G11="",$F11,$G11)="","",IFERROR(VLOOKUP(IF($G11="",$F11,$G11),'Receiving Temps'!$A$4:$E$18,3,FALSE),"")) | Q11: =IF(IF($G11="",$F11,$G11)="","",IFERROR(VLOOKUP(IF($G11="",$F11,$G11),'Receiving Temps'!$A$4:$E$18,4,FALSE),"")) | R11: =IF(OR($O11="",IF($G11="",$F11,$G11)=""),"",IF($Q11="N/A","N/A",IF($Q11="","⚠ NO LIMIT FOR THIS FAMILY",IF($O11<$P11,"✗ REJECT (too cold)",IF($O11<=$Q11,"✓ ACCEPT","✗ REJECT (too warm)")))))
F12: =IF($E12="","",IFERROR(VLOOKUP($E12,'Receiving Temps'!$G$4:$H$13,2,FALSE),"")) | K12: =IF(OR($I12="",$J12=""),"",$J12-$I12) | M12: =IF(OR($K12="",$L12=""),"",$K12*$L12) | P12: =IF(IF($G12="",$F12,$G12)="","",IFERROR(VLOOKUP(IF($G12="",$F12,$G12),'Receiving Temps'!$A$4:$E$18,3,FALSE),"")) | Q12: =IF(IF($G12="",$F12,$G12)="","",IFERROR(VLOOKUP(IF($G12="",$F12,$G12),'Receiving Temps'!$A$4:$E$18,4,FALSE),"")) | R12: =IF(OR($O12="",IF($G12="",$F12,$G12)=""),"",IF($Q12="N/A","N/A",IF($Q12="","⚠ NO LIMIT FOR THIS FAMILY",IF($O12<$P12,"✗ REJECT (too cold)",IF($O12<=$Q12,"✓ ACCEPT","✗ REJECT (too warm)")))))
F13: =IF($E13="","",IFERROR(VLOOKUP($E13,'Receiving Temps'!$G$4:$H$13,2,FALSE),"")) | K13: =IF(OR($I13="",$J13=""),"",$J13-$I13) | M13: =IF(OR($K13="",$L13=""),"",$K13*$L13) | P13: =IF(IF($G13="",$F13,$G13)="","",IFERROR(VLOOKUP(IF($G13="",$F13,$G13),'Receiving Temps'!$A$4:$E$18,3,FALSE),"")) | Q13: =IF(IF($G13="",$F13,$G13)="","",IFERROR(VLOOKUP(IF($G13="",$F13,$G13),'Receiving Temps'!$A$4:$E$18,4,FALSE),"")) | R13: =IF(OR($O13="",IF($G13="",$F13,$G13)=""),"",IF($Q13="N/A","N/A",IF($Q13="","⚠ NO LIMIT FOR THIS FAMILY",IF($O13<$P13,"✗ REJECT (too cold)",IF($O13<=$Q13,"✓ ACCEPT","✗ REJECT (too warm)")))))
F14: =IF($E14="","",IFERROR(VLOOKUP($E14,'Receiving Temps'!$G$4:$H$13,2,FALSE),"")) | K14: =IF(OR($I14="",$J14=""),"",$J14-$I14) | M14: =IF(OR($K14="",$L14=""),"",$K14*$L14) | P14: =IF(IF($G14="",$F14,$G14)="","",IFERROR(VLOOKUP(IF($G14="",$F14,$G14),'Receiving Temps'!$A$4:$E$18,3,FALSE),"")) | Q14: =IF(IF($G14="",$F14,$G14)="","",IFERROR(VLOOKUP(IF($G14="",$F14,$G14),'Receiving Temps'!$A$4:$E$18,4,FALSE),"")) | R14: =IF(OR($O14="",IF($G14="",$F14,$G14)=""),"",IF($Q14="N/A","N/A",IF($Q14="","⚠ NO LIMIT FOR THIS FAMILY",IF($O14<$P14,"✗ REJECT (too cold)",IF($O14<=$Q14,"✓ ACCEPT","✗ REJECT (too warm)")))))
F15: =IF($E15="","",IFERROR(VLOOKUP($E15,'Receiving Temps'!$G$4:$H$13,2,FALSE),"")) | K15: =IF(OR($I15="",$J15=""),"",$J15-$I15) | M15: =IF(OR($K15="",$L15=""),"",$K15*$L15) | P15: =IF(IF($G15="",$F15,$G15)="","",IFERROR(VLOOKUP(IF($G15="",$F15,$G15),'Receiving Temps'!$A$4:$E$18,3,FALSE),"")) | Q15: =IF(IF($G15="",$F15,$G15)="","",IFERROR(VLOOKUP(IF($G15="",$F15,$G15),'Receiving Temps'!$A$4:$E$18,4,FALSE),"")) | R15: =IF(OR($O15="",IF($G15="",$F15,$G15)=""),"",IF($Q15="N/A","N/A",IF($Q15="","⚠ NO LIMIT FOR THIS FAMILY",IF($O15<$P15,"✗ REJECT (too cold)",IF($O15<=$Q15,"✓ ACCEPT","✗ REJECT (too warm)")))))
F16: =IF($E16="","",IFERROR(VLOOKUP($E16,'Receiving Temps'!$G$4:$H$13,2,FALSE),"")) | K16: =IF(OR($I16="",$J16=""),"",$J16-$I16) | M16: =IF(OR($K16="",$L16=""),"",$K16*$L16) | P16: =IF(IF($G16="",$F16,$G16)="","",IFERROR(VLOOKUP(IF($G16="",$F16,$G16),'Receiving Temps'!$A$4:$E$18,3,FALSE),"")) | Q16: =IF(IF($G16="",$F16,$G16)="","",IFERROR(VLOOKUP(IF($G16="",$F16,$G16),'Receiving Temps'!$A$4:$E$18,4,FALSE),"")) | R16: =IF(OR($O16="",IF($G16="",$F16,$G16)=""),"",IF($Q16="N/A","N/A",IF($Q16="","⚠ NO LIMIT FOR THIS FAMILY",IF($O16<$P16,"✗ REJECT (too cold)",IF($O16<=$Q16,"✓ ACCEPT","✗ REJECT (too warm)")))))
F17: =IF($E17="","",IFERROR(VLOOKUP($E17,'Receiving Temps'!$G$4:$H$13,2,FALSE),"")) | K17: =IF(OR($I17="",$J17=""),"",$J17-$I17) | M17: =IF(OR($K17="",$L17=""),"",$K17*$L17) | P17: =IF(IF($G17="",$F17,$G17)="","",IFERROR(VLOOKUP(IF($G17="",$F17,$G17),'Receiving Temps'!$A$4:$E$18,3,FALSE),"")) | Q17: =IF(IF($G17="",$F17,$G17)="","",IFERROR(VLOOKUP(IF($G17="",$F17,$G17),'Receiving Temps'!$A$4:$E$18,4,FALSE),"")) | R17: =IF(OR($O17="",IF($G17="",$F17,$G17)=""),"",IF($Q17="N/A","N/A",IF($Q17="","⚠ NO LIMIT FOR THIS FAMILY",IF($O17<$P17,"✗ REJECT (too cold)",IF($O17<=$Q17,"✓ ACCEPT","✗ REJECT (too warm)")))))
F18: =IF($E18="","",IFERROR(VLOOKUP($E18,'Receiving Temps'!$G$4:$H$13,2,FALSE),"")) | K18: =IF(OR($I18="",$J18=""),"",$J18-$I18) | M18: =IF(OR($K18="",$L18=""),"",$K18*$L18) | P18: =IF(IF($G18="",$F18,$G18)="","",IFERROR(VLOOKUP(IF($G18="",$F18,$G18),'Receiving Temps'!$A$4:$E$18,3,FALSE),"")) | Q18: =IF(IF($G18="",$F18,$G18)="","",IFERROR(VLOOKUP(IF($G18="",$F18,$G18),'Receiving Temps'!$A$4:$E$18,4,FALSE),"")) | R18: =IF(OR($O18="",IF($G18="",$F18,$G18)=""),"",IF($Q18="N/A","N/A",IF($Q18="","⚠ NO LIMIT FOR THIS FAMILY",IF($O18<$P18,"✗ REJECT (too cold)",IF($O18<=$Q18,"✓ ACCEPT","✗ REJECT (too warm)")))))
F19: =IF($E19="","",IFERROR(VLOOKUP($E19,'Receiving Temps'!$G$4:$H$13,2,FALSE),"")) | K19: =IF(OR($I19="",$J19=""),"",$J19-$I19) | M19: =IF(OR($K19="",$L19=""),"",$K19*$L19) | P19: =IF(IF($G19="",$F19,$G19)="","",IFERROR(VLOOKUP(IF($G19="",$F19,$G19),'Receiving Temps'!$A$4:$E$18,3,FALSE),"")) | Q19: =IF(IF($G19="",$F19,$G19)="","",IFERROR(VLOOKUP(IF($G19="",$F19,$G19),'Receiving Temps'!$A$4:$E$18,4,FALSE),"")) | R19: =IF(OR($O19="",IF($G19="",$F19,$G19)=""),"",IF($Q19="N/A","N/A",IF($Q19="","⚠ NO LIMIT FOR THIS FAMILY",IF($O19<$P19,"✗ REJECT (too cold)",IF($O19<=$Q19,"✓ ACCEPT","✗ REJECT (too warm)")))))
... F43: =IF($E43="","",IFERROR(VLOOKUP($E43,'Receiving Temps'!$G$4:$H$13,2,FALSE),"")) | K43: =IF(OR($I43="",$J43=""),"",$J43-$I43) | M43: =IF(OR($K43="",$L43=""),"",$K43*$L43) | P43: =IF(IF($G43="",$F43,$G43)="","",IFERROR(VLOOKUP(IF($G43="",$F43,$G43),'Receiving Temps'!$A$4:$E$18,3,FALSE),"")) | Q43: =IF(IF($G43="",$F43,$G43)="","",IFERROR(VLOOKUP(IF($G43="",$F43,$G43),'Receiving Temps'!$A$4:$E$18,4,FALSE),"")) | R43: =IF(OR($O43="",IF($G43="",$F43,$G43)=""),"",IF($Q43="N/A","N/A",IF($Q43="","⚠ NO LIMIT FOR THIS FAMILY",IF($O43<$P43,"✗ REJECT (too cold)",IF($O43<=$Q43,"✓ ACCEPT","✗ REJECT (too warm)")))))
B45: Deliveries logged: | D45: =COUNTIF($D$4:$D$43,"<>") -> 4 | F45: Lines to reject: | H45: =COUNTIF($R$4:$R$43,"*REJECT*") -> 1 | I45: Total difference (units): | K45: =SUM($K$4:$K$43) -> -4 | L45: Value of difference: | N45: =SUM($M$4:$M$43) -> -68.84

Sheet Discrepancy Log
A1: DISCREPANCY LOG — RECEIVING
A2: The sum of "Amount claimed" minus "Credit received" is what your vendor owes you. The first three lines are an example.
A3: Date | B3: Invoice/packing slip # | C3: Vendor | D3: Product | E3: Discrepancy type | F3: Description | G3: Action taken | H3: Handled by | I3: Amount claimed | J3: Credit received | K3: Status
A4: 46252 | B4: INV-24518 | C4: Prime Cut Meats (sample) | D4: Beef tenderloin (sample) | E4: Wrong quantity | F4: 4 lb short of the 24 lb ordered: only 20 lb received | G4: Credit requested by email the same day | H4: Head chef | I4: 68.84 | J4: 0 | K4: Claimed
A5: 46252 | B5: INV-0091 | C5: Harbor Fresh Seafood (sample) | D5: Fresh cod fillet (sample) | E5: Temperature out of range | F5: Arrived at 46 °F against its group's 41 °F limit | G5: Whole lot (20 lb) sent back with the driver on the spot | H5: Sous chef | I5: 230 | J5: 230 | K5: Credit received
A6: 46253 | B6: INV-7742 | C6: Green Valley Produce (sample) | D6: Tomatoes (sample) | E6: Poor condition | F6: Two 25 lb cases with mold at the bottom | G6: Pulled and entered in the waste log | H6: Purchasing manager | I6: 99 | J6: 0 | K6: Open
H25: TOTALS | I25: =SUM($I$4:$I$23) -> 397.84 | J25: =SUM($J$4:$J$23) -> 230
H26: PENDING CREDIT | I26: =IFERROR($I$25-$J$25,"") -> 167.84

Sheet Receiving Temps
A1: RECEIVING TEMPERATURES — LEGAL LIMITS
A3: Family | B3: Ideal temp. | C3: Min. acceptable temp. (°F) | D3: Max. acceptable temp. (°F) | E3: Regulatory basis | G3: Kit category | H3: Default family
A4: Raw beef, pork & lamb | B4: 41 °F (5 °C) or below | C4: 30 | D4: 41 | E4: FDA Food Code 2022 §3-202.11(A) | G4: Meat & Poultry | H4: Raw beef, pork & lamb
A5: Ground & variety meats | B5: 41 °F (5 °C) or below | C5: 30 | D5: 41 | E5: FDA Food Code 2022 §3-202.11(A) | G5: Seafood | H5: Fresh fish & shucked shellfish
A6: Raw poultry | B6: 41 °F (5 °C) or below | C6: 30 | D6: 41 | E6: FDA Food Code 2022 §3-202.11(A) | G6: Dairy & Eggs | H6: Dairy & other refrigerated TCS
A7: Marinated & processed raw meat | B7: 41 °F (5 °C) or below | C7: 30 | D7: 41 | E7: FDA Food Code 2022 §3-202.11(A) | G7: Produce | H7: Whole produce
A8: Live shellfish (shellstock) | B8: 45 °F (7 °C) air temp or below | C8: 32 | D8: 45 | E8: FDA Food Code 2022 §3-202.11(B); NSSP | G8: Dry Goods | H8: Dry & canned goods (ambient)
A9: Fresh fish & shucked shellfish | B9: 41 °F (5 °C) or below, on ice | C9: 30 | D9: 41 | E9: FDA Food Code 2022 §3-202.11(A) | G9: Frozen | H9: Frozen food
A10: Frozen food | B10: Frozen solid, 0 °F (-18 °C) or below | C10: -40 | D10: 0 | E10: FDA Food Code 2022 §3-202.11(E) "received frozen" | G10: Alcoholic Beverages | H10: Beverages (ambient)
A11: Cold ready-to-eat TCS food | B11: 41 °F (5 °C) or below | C11: 30 | D11: 41 | E11: FDA Food Code 2022 §3-202.11(A) | G11: Non-Alcoholic Beverages | H11: Beverages (ambient)
A12: Hot TCS food (received hot) | B12: 135 °F (57 °C) or above | C12: 135 | D12: 212 | E12: FDA Food Code 2022 §3-202.11(D); max = physical limit | G12: Paper & Cleaning | H12: Non-food (cleaning & disposables)
A13: Dairy & other refrigerated TCS | B13: 41 °F (5 °C) or below; fluid milk up to 45 °F | C13: 30 | D13: 41 | E13: FDA Food Code 2022 §3-202.11(A)-(B) | G13: Other | H13: Dry & canned goods (ambient)
A14: Whole produce | B14: 32-54 °F (0-12 °C), per item | C14: 32 | D14: 54 | E14: No legal limit; industry practice
A15: Shell eggs | B15: 45 °F (7 °C) air temp or below | C15: 30 | D15: 45 | E15: FDA Food Code 2022 §3-202.11(C); 21 CFR 118.4(e) | G15: This is where the log's "Suggested Family" column comes from. REFINE it in the "Family" column when the line calls for it: live shellfish and shell eggs may arrive at up to 45 °F, hot food must arrive at 135 °F or above, and frozen food must arrive frozen. Shell eggs are bought under "Dairy & Eggs", whose default family is dairy (41 °F): switch them to "Shell eggs".
A16: Dry & canned goods (ambient) | B16: Cool and dry, 50-70 °F (10-21 °C) | C16: N/A | D16: N/A | E16: FDA Food Code 2022 §3-202.15 package integrity
A17: Beverages (ambient) | B17: Cool and dry; draft beer kegs 34-38 °F (1-3 °C) | C17: N/A | D17: N/A | E17: No legal limit; follow the manufacturer
A18: Non-food (cleaning & disposables) | B18: Ambient, stored away from food | C18: N/A | D18: N/A | E18: FDA Food Code 2022 §7-201.11
A20: The "Min. acceptable temp. (°F)" and "Max. acceptable temp. (°F)" columns are what the "Receiving Log" tab compares against: that's why they're numbers instead of a note on paper that can't be checked against any data. "N/A" means that family isn't temperature-controlled at receiving. Frozen goods must arrive frozen solid, at 0 °F (-18 °C) or below. These thresholds document your receiving record; they don't replace your HACCP / food safety plan or a consultant.
