Workbook

Sheet Instructions
A1: FIFO & Expiration Date Tracker
A2: AI Chef Pro — aichef.pro
A4: Track stock rotation and expiration risk, lot by lot.
A6: TABS:
A7: 1. FIFO Tracker — one lot per line: received date, use-by, opened-on, quantity and value at risk
A8: 2. Expiration Alerts — counters by status, value at risk and action protocol
A9: 3. Storage Map — the 11 zones with their temperature; feeds the zone drop-down. Chemicals and cleaning supplies have their own storage, separate from food, and eggs have their own refrigerated zone: the FDA Food Code requires shell eggs held at 45 °F (7 °C) or below
A11: FIFO AND FEFO AREN'T THE SAME THING:
A12: FIFO (First In, First Out) is the STOCKING rule: whatever comes in first gets placed at the front.
A13: FEFO (First Expired, First Out) is the PULLING rule, and it's the one that runs the kitchen: whatever expires soonest goes out first.
A14: This template calculates status by FEFO, based on the effective deadline. The days-in-storage column exposes the lot forgotten at the back of the walk-in cooler.
A16: HOW TO FILL IN EACH LINE:
... A34: Version 2.0 · September 2026 · aichef.pro/en/digital-products/restaurant-inventory-templates · info@aichef.pro

Sheet FIFO Tracker
A1: FIFO TRACKER — FIRST IN, FIRST OUT
A2: One line per LOT, not per product: two deliveries of the same item are two lines. The first SIX are an example and cover the five status-light states (the fifth shows why the opened-on date exists): delete them before you start. Review date: ___/___/______ · Checked by: ________________
A4: # | B4: Product | C4: Category | D4: Lot / Ref. | E4: Received date | F4: Date type | G4: Use-by date | H4: Opened-on date | I4: Shelf life after opening (days) | J4: Effective deadline | K4: Days left | L4: Status | M4: Days in storage | N4: Quantity | O4: Unit | P4: Price/unit | Q4: Value at risk | R4: Storage zone | S4: Position | T4: Action
A5: 1 | B5: Fresh cod fillet (sample) | C5: Seafood | D5: L-2609-014 | E5: =TODAY()-4 -> 46286 | F5: Use-by | G5: =TODAY()-1 -> 46289 | J5: =IF($G5="","",IF($H5="",$G5,IF($I5="",$G5,MIN($G5,$H5+$I5)))) -> 46289 | K5: =IF($J5="","",$J5-TODAY()) -> -1 | L5: =IF($K5="","",IF($K5<0,IF($F5="Best-by","⚠ CHECK (best-by passed)","⛔ EXPIRED — DISCARD"),IF($K5<=2,"🔴 URGENT",IF($K5<=7,"🟡 USE SOON","🟢 OK")))) -> ⛔ EXPIRED — DISCARD | M5: =IF($E5="","",TODAY()-$E5) -> 4 | N5: 8 | O5: lb | P5: 11.5 | Q5: =IF(OR($N5="",$P5=""),"",$N5*$P5) -> 92 | R5: Seafood cooler | S5: Shelf 1 | T5: Discard and enter it in the waste log
A6: 2 | B6: Heavy cream (sample) | C6: Dairy & Eggs | D6: L-2608-221 | E6: =TODAY()-9 -> 46281 | F6: Best-by | G6: =TODAY()-2 -> 46288 | J6: =IF($G6="","",IF($H6="",$G6,IF($I6="",$G6,MIN($G6,$H6+$I6)))) -> 46288 | K6: =IF($J6="","",$J6-TODAY()) -> -2 | L6: =IF($K6="","",IF($K6<0,IF($F6="Best-by","⚠ CHECK (best-by passed)","⛔ EXPIRED — DISCARD"),IF($K6<=2,"🔴 URGENT",IF($K6<=7,"🟡 USE SOON","🟢 OK")))) -> ⚠ CHECK (best-by passed) | M6: =IF($E6="","",TODAY()-$E6) -> 9 | N6: 3 | O6: qt | P6: 4.98 | Q6: =IF(OR($N6="",$P6=""),"",$N6*$P6) -> 14.94 | R6: Prepared foods cooler | S6: Shelf 2 | T6: Check look, smell and texture before deciding
A7: 3 | B7: Boneless chicken breast (sample) | C7: Meat & Poultry | D7: L-2609-107 | E7: =TODAY()-1 -> 46289 | F7: Use-by | G7: =TODAY()+1 -> 46291 | J7: =IF($G7="","",IF($H7="",$G7,IF($I7="",$G7,MIN($G7,$H7+$I7)))) -> 46291 | K7: =IF($J7="","",$J7-TODAY()) -> 1 | L7: =IF($K7="","",IF($K7<0,IF($F7="Best-by","⚠ CHECK (best-by passed)","⛔ EXPIRED — DISCARD"),IF($K7<=2,"🔴 URGENT",IF($K7<=7,"🟡 USE SOON","🟢 OK")))) -> 🔴 URGENT | M7: =IF($E7="","",TODAY()-$E7) -> 1 | N7: 12 | O7: lb | P7: 3.1 | Q7: =IF(OR($N7="",$P7=""),"",$N7*$P7) -> 37.2 | R7: Raw meat cooler | S7: Shelf 1 | T7: Use in today's service
A8: 4 | B8: Tomatoes (sample) | C8: Produce | D8: L-2609-088 | E8: =TODAY()-2 -> 46288 | F8: Use-by | G8: =TODAY()+5 -> 46295 | J8: =IF($G8="","",IF($H8="",$G8,IF($I8="",$G8,MIN($G8,$H8+$I8)))) -> 46295 | K8: =IF($J8="","",$J8-TODAY()) -> 5 | L8: =IF($K8="","",IF($K8<0,IF($F8="Best-by","⚠ CHECK (best-by passed)","⛔ EXPIRED — DISCARD"),IF($K8<=2,"🔴 URGENT",IF($K8<=7,"🟡 USE SOON","🟢 OK")))) -> 🟡 USE SOON | M8: =IF($E8="","",TODAY()-$E8) -> 2 | N8: 25 | O8: lb | P8: 1.98 | Q8: =IF(OR($N8="",$P8=""),"",$N8*$P8) -> 49.5 | R8: Produce cooler | S8: Bin 3 | T8: Prioritize in this week's prep
A9: 5 | B9: Parmesan (sample) | C9: Dairy & Eggs | D9: L-2605-330 | E9: =TODAY()-7 -> 46283 | F9: Use-by | G9: =TODAY()+60 -> 46350 | H9: =TODAY()-5 -> 46285 | I9: 10 | J9: =IF($G9="","",IF($H9="",$G9,IF($I9="",$G9,MIN($G9,$H9+$I9)))) -> 46295 | K9: =IF($J9="","",$J9-TODAY()) -> 5 | L9: =IF($K9="","",IF($K9<0,IF($F9="Best-by","⚠ CHECK (best-by passed)","⛔ EXPIRED — DISCARD"),IF($K9<=2,"🔴 URGENT",IF($K9<=7,"🟡 USE SOON","🟢 OK")))) -> 🟡 USE SOON | M9: =IF($E9="","",TODAY()-$E9) -> 7 | N9: 4 | O9: lb | P9: 9.5 | Q9: =IF(OR($N9="",$P9=""),"",$N9*$P9) -> 38 | R9: Prepared foods cooler | S9: Shelf 3 | T9: Opened: the shelf life after opening rules, not the date on the package
A10: 6 | B10: Arborio rice (sample) | C10: Dry Goods | D10: L-2604-012 | E10: =TODAY()-40 -> 46250 | F10: Best-by | G10: =TODAY()+300 -> 46590 | J10: =IF($G10="","",IF($H10="",$G10,IF($I10="",$G10,MIN($G10,$H10+$I10)))) -> 46590 | K10: =IF($J10="","",$J10-TODAY()) -> 300 | L10: =IF($K10="","",IF($K10<0,IF($F10="Best-by","⚠ CHECK (best-by passed)","⛔ EXPIRED — DISCARD"),IF($K10<=2,"🔴 URGENT",IF($K10<=7,"🟡 USE SOON","🟢 OK")))) -> 🟢 OK | M10: =IF($E10="","",TODAY()-$E10) -> 40 | N10: 25 | O10: lb | P10: 2.1 | Q10: =IF(OR($N10="",$P10=""),"",$N10*$P10) -> 52.5 | R10: Dry storage | S10: Rack 2 | T10: No risk: place it behind what expires sooner
A11: 7 | J11: =IF($G11="","",IF($H11="",$G11,IF($I11="",$G11,MIN($G11,$H11+$I11)))) | K11: =IF($J11="","",$J11-TODAY()) | L11: =IF($K11="","",IF($K11<0,IF($F11="Best-by","⚠ CHECK (best-by passed)","⛔ EXPIRED — DISCARD"),IF($K11<=2,"🔴 URGENT",IF($K11<=7,"🟡 USE SOON","🟢 OK")))) | M11: =IF($E11="","",TODAY()-$E11) | Q11: =IF(OR($N11="",$P11=""),"",$N11*$P11)
A12: 8 | J12: =IF($G12="","",IF($H12="",$G12,IF($I12="",$G12,MIN($G12,$H12+$I12)))) | K12: =IF($J12="","",$J12-TODAY()) | L12: =IF($K12="","",IF($K12<0,IF($F12="Best-by","⚠ CHECK (best-by passed)","⛔ EXPIRED — DISCARD"),IF($K12<=2,"🔴 URGENT",IF($K12<=7,"🟡 USE SOON","🟢 OK")))) | M12: =IF($E12="","",TODAY()-$E12) | Q12: =IF(OR($N12="",$P12=""),"",$N12*$P12)
A13: 9 | J13: =IF($G13="","",IF($H13="",$G13,IF($I13="",$G13,MIN($G13,$H13+$I13)))) | K13: =IF($J13="","",$J13-TODAY()) | L13: =IF($K13="","",IF($K13<0,IF($F13="Best-by","⚠ CHECK (best-by passed)","⛔ EXPIRED — DISCARD"),IF($K13<=2,"🔴 URGENT",IF($K13<=7,"🟡 USE SOON","🟢 OK")))) | M13: =IF($E13="","",TODAY()-$E13) | Q13: =IF(OR($N13="",$P13=""),"",$N13*$P13)
A14: 10 | J14: =IF($G14="","",IF($H14="",$G14,IF($I14="",$G14,MIN($G14,$H14+$I14)))) | K14: =IF($J14="","",$J14-TODAY()) | L14: =IF($K14="","",IF($K14<0,IF($F14="Best-by","⚠ CHECK (best-by passed)","⛔ EXPIRED — DISCARD"),IF($K14<=2,"🔴 URGENT",IF($K14<=7,"🟡 USE SOON","🟢 OK")))) | M14: =IF($E14="","",TODAY()-$E14) | Q14: =IF(OR($N14="",$P14=""),"",$N14*$P14)
A15: 11 | J15: =IF($G15="","",IF($H15="",$G15,IF($I15="",$G15,MIN($G15,$H15+$I15)))) | K15: =IF($J15="","",$J15-TODAY()) | L15: =IF($K15="","",IF($K15<0,IF($F15="Best-by","⚠ CHECK (best-by passed)","⛔ EXPIRED — DISCARD"),IF($K15<=2,"🔴 URGENT",IF($K15<=7,"🟡 USE SOON","🟢 OK")))) | M15: =IF($E15="","",TODAY()-$E15) | Q15: =IF(OR($N15="",$P15=""),"",$N15*$P15)
A16: 12 | J16: =IF($G16="","",IF($H16="",$G16,IF($I16="",$G16,MIN($G16,$H16+$I16)))) | K16: =IF($J16="","",$J16-TODAY()) | L16: =IF($K16="","",IF($K16<0,IF($F16="Best-by","⚠ CHECK (best-by passed)","⛔ EXPIRED — DISCARD"),IF($K16<=2,"🔴 URGENT",IF($K16<=7,"🟡 USE SOON","🟢 OK")))) | M16: =IF($E16="","",TODAY()-$E16) | Q16: =IF(OR($N16="",$P16=""),"",$N16*$P16)
A17: 13 | J17: =IF($G17="","",IF($H17="",$G17,IF($I17="",$G17,MIN($G17,$H17+$I17)))) | K17: =IF($J17="","",$J17-TODAY()) | L17: =IF($K17="","",IF($K17<0,IF($F17="Best-by","⚠ CHECK (best-by passed)","⛔ EXPIRED — DISCARD"),IF($K17<=2,"🔴 URGENT",IF($K17<=7,"🟡 USE SOON","🟢 OK")))) | M17: =IF($E17="","",TODAY()-$E17) | Q17: =IF(OR($N17="",$P17=""),"",$N17*$P17)
A18: 14 | J18: =IF($G18="","",IF($H18="",$G18,IF($I18="",$G18,MIN($G18,$H18+$I18)))) | K18: =IF($J18="","",$J18-TODAY()) | L18: =IF($K18="","",IF($K18<0,IF($F18="Best-by","⚠ CHECK (best-by passed)","⛔ EXPIRED — DISCARD"),IF($K18<=2,"🔴 URGENT",IF($K18<=7,"🟡 USE SOON","🟢 OK")))) | M18: =IF($E18="","",TODAY()-$E18) | Q18: =IF(OR($N18="",$P18=""),"",$N18*$P18)
A19: 15 | J19: =IF($G19="","",IF($H19="",$G19,IF($I19="",$G19,MIN($G19,$H19+$I19)))) | K19: =IF($J19="","",$J19-TODAY()) | L19: =IF($K19="","",IF($K19<0,IF($F19="Best-by","⚠ CHECK (best-by passed)","⛔ EXPIRED — DISCARD"),IF($K19<=2,"🔴 URGENT",IF($K19<=7,"🟡 USE SOON","🟢 OK")))) | M19: =IF($E19="","",TODAY()-$E19) | Q19: =IF(OR($N19="",$P19=""),"",$N19*$P19)
A20: 16 | J20: =IF($G20="","",IF($H20="",$G20,IF($I20="",$G20,MIN($G20,$H20+$I20)))) | K20: =IF($J20="","",$J20-TODAY()) | L20: =IF($K20="","",IF($K20<0,IF($F20="Best-by","⚠ CHECK (best-by passed)","⛔ EXPIRED — DISCARD"),IF($K20<=2,"🔴 URGENT",IF($K20<=7,"🟡 USE SOON","🟢 OK")))) | M20: =IF($E20="","",TODAY()-$E20) | Q20: =IF(OR($N20="",$P20=""),"",$N20*$P20)
A21: 17 | J21: =IF($G21="","",IF($H21="",$G21,IF($I21="",$G21,MIN($G21,$H21+$I21)))) | K21: =IF($J21="","",$J21-TODAY()) | L21: =IF($K21="","",IF($K21<0,IF($F21="Best-by","⚠ CHECK (best-by passed)","⛔ EXPIRED — DISCARD"),IF($K21<=2,"🔴 URGENT",IF($K21<=7,"🟡 USE SOON","🟢 OK")))) | M21: =IF($E21="","",TODAY()-$E21) | Q21: =IF(OR($N21="",$P21=""),"",$N21*$P21)
A22: 18 | J22: =IF($G22="","",IF($H22="",$G22,IF($I22="",$G22,MIN($G22,$H22+$I22)))) | K22: =IF($J22="","",$J22-TODAY()) | L22: =IF($K22="","",IF($K22<0,IF($F22="Best-by","⚠ CHECK (best-by passed)","⛔ EXPIRED — DISCARD"),IF($K22<=2,"🔴 URGENT",IF($K22<=7,"🟡 USE SOON","🟢 OK")))) | M22: =IF($E22="","",TODAY()-$E22) | Q22: =IF(OR($N22="",$P22=""),"",$N22*$P22)
... A54: 50 | J54: =IF($G54="","",IF($H54="",$G54,IF($I54="",$G54,MIN($G54,$H54+$I54)))) | K54: =IF($J54="","",$J54-TODAY()) | L54: =IF($K54="","",IF($K54<0,IF($F54="Best-by","⚠ CHECK (best-by passed)","⛔ EXPIRED — DISCARD"),IF($K54<=2,"🔴 URGENT",IF($K54<=7,"🟡 USE SOON","🟢 OK")))) | M54: =IF($E54="","",TODAY()-$E54) | Q54: =IF(OR($N54="",$P54=""),"",$N54*$P54)

Sheet Expiration Alerts
A1: ⚠️ EXPIRATION ALERTS
A2: Everything here calculates automatically from "FIFO Tracker". Nothing gets typed here.
A3: Status | B3: # of lots | C3: Value at risk | D3: What to do
A4: ⛔ EXPIRED — DISCARD | B4: =COUNTIF('FIFO Tracker'!$L$5:$L$54,"*EXPIRED*") -> 1 | C4: =SUMIF('FIFO Tracker'!$L$5:$L$54,"*EXPIRED*",'FIFO Tracker'!$Q$5:$Q$54) -> 92 | D4: Mandatory removal and waste log entry in template 05 (Food Waste Log & Action Plan). Never used, under any circumstances.
A5: ⚠ CHECK (best-by passed) | B5: =COUNTIF('FIFO Tracker'!$L$5:$L$54,"*CHECK*") -> 1 | C5: =SUMIF('FIFO Tracker'!$L$5:$L$54,"*CHECK*",'FIFO Tracker'!$Q$5:$Q$54) -> 14.94 | D5: Best-by has passed: organoleptic check (appearance, smell, texture) before deciding. It isn't automatically waste.
A6: 🔴 URGENT | B6: =COUNTIF('FIFO Tracker'!$L$5:$L$54,"*URGENT*") -> 1 | C6: =SUMIF('FIFO Tracker'!$L$5:$L$54,"*URGENT*",'FIFO Tracker'!$Q$5:$Q$54) -> 37.2 | D6: 2 days or less left: use in today's service.
A7: 🟡 USE SOON | B7: =COUNTIF('FIFO Tracker'!$L$5:$L$54,"*SOON*") -> 2 | C7: =SUMIF('FIFO Tracker'!$L$5:$L$54,"*SOON*",'FIFO Tracker'!$Q$5:$Q$54) -> 87.5 | D7: 7 days or less left: prioritize it in this week's production.
A8: 🟢 OK | B8: =COUNTIF('FIFO Tracker'!$L$5:$L$54,"*OK*") -> 1 | C8: =SUMIF('FIFO Tracker'!$L$5:$L$54,"*OK*",'FIFO Tracker'!$Q$5:$Q$54) -> 52.5 | D8: Out of risk. Place it behind whatever expires sooner.
A9: VALUE ACTUALLY AT RISK (everything except 🟢 OK) | B9: =SUM($B$4:$B$7) -> 5 | C9: =SUM($C$4:$C$7) -> 231.64 | D9: It's the sum of the four statuses above, excluding what's out of risk. This is the number that gets someone to act.
A10: TOTAL lots logged / total stock value | B10: =COUNTIF('FIFO Tracker'!$B$5:$B$54,"<>") -> 6 | C10: =SUM('FIFO Tracker'!$Q$5:$Q$54) -> 284.14 | D10: All the stock you've logged in "FIFO Tracker", whether at risk or not. Don't confuse it with the row above.
A12: ACTION PROTOCOL
A13: 1. ⛔ EXPIRED — DISCARD: mandatory removal of the product, write it off stock, and log it in template 05 (Food Waste Log & Action Plan). A product past its use-by date is never used, under any circumstances — not for staff meals, not for prep.
A14: 2. ⚠ CHECK (best-by passed): a passed best-by date does NOT mean you have to throw it out. Organoleptic check (appearance, smell, texture) and a call from whoever's in charge; when in doubt, discard it.
A15: 3. 🔴 URGENT: use in TODAY's service. Note it in the briefing and put it at the front of everything.
A16: 4. 🟡 USE SOON: prioritize it in this week's production and check it at the start of every morning shift.
A18: To see them one by one: on "FIFO Tracker", click the arrow on the Status header and filter for whichever you want. The autofilter is already set up.

Sheet Storage Map
A1: STORAGE MAP — STORAGE ZONES
A3: Zone | B3: Temperature | C3: What's stored here | D3: Capacity | E3: Notes
A4: Raw meat cooler | B4: 41 °F (5 °C) or below | C4: Raw meat, poultry and game; always on the bottom shelves | D4: 2 shelving units | E4: Never in the same cooler as ready-to-eat food.
A5: Seafood cooler | B5: 41 °F (5 °C) or below, fish on ice | C5: Fish and shellfish on ice | D5: 1 ice bin | E5: Self-draining ice; replenish every service.
A6: Prepared foods cooler | B6: 41 °F (5 °C) or below | C6: Dairy, house-made prep, fresh-cut produce and desserts | D6: 3 shelving units | E6: Everything covered, labeled and dated. Never next to raw products.
A7: Produce cooler | B7: 34-41 °F (1-5 °C) | C7: Produce | D7: 2 shelving units | E7: Don't wash until use; keep ethylene-producing fruit apart.
A8: Walk-in freezer | B8: 0 °F (-18 °C) or below | C8: Frozen | D8: 1 walk-in unit | E8: Write the freezing date. Never refreeze thawed food.
A9: Thawing shelf | B9: 41 °F (5 °C) or below | C9: Food being thawed, labeled | D9: 1 shelving unit | E9: Rack over a tray, covered and labeled THAWING with the date; thaw at 41 °F (5 °C) or below.
A10: Dry storage | B10: Cool and dry, 50-70 °F (10-21 °C), under 60% humidity | C10: Dry goods, canned goods and non-alcoholic beverages | D10: 4 shelving units | E10: Keep product at least 6 in (15 cm) off the floor and away from the wall.
A11: Wine & liquor storage | B11: 55-60 °F (13-16 °C) | C11: Wine, beer and spirits | D11: 1 wine rack | E11: No direct light or vibration; wine bottles on their side.
A12: Trash & recycling | B12: Ambient, separate area | C12: Trash, recycling and empty containers | D12: 3 lidded bins | E12: Away from food flow; lidded, foot-pedal bins.
A13: Dairy & egg cooler | B13: 41 °F (5 °C) or below; shell eggs 45 °F (7 °C) or below | C13: Shell eggs and dairy: always refrigerated | D13: 1 shelving unit | E13: Shell eggs must be held at 45 °F (7 °C) or below (21 CFR 115.50 and 118.4(e); FDA Food Code 2022 §3-202.11(C)). Store them below ready-to-eat food.
A14: Chemical storage | B14: Ambient, separate and labeled | C14: Cleaning chemicals, sanitizers and their Safety Data Sheets | D14: 1 cabinet | E14: Separate and labeled; NEVER above or next to food or on work surfaces (FDA Food Code 2022 §7-201.11).
A16: Sample zones: replace them with your own. The names in the Zone column are what shows up in the "FIFO Tracker" drop-down, so if you edit them, update that drop-down too. Keeping raw and prepared foods separate isn't optional, and cleaning supplies and chemicals NEVER go in the food dry storage: those are the first two things an inspection looks at.
