Workbook

Sheet Instrucciones
B2: 05 · Planificación de Vacaciones Anual
B4: Cómo usar esta plantilla:
B5: ▸ Escribe los nombres una sola vez, en la columna A del 'Calendario Anual'. El resto de hojas los leen de ahí.
B6: ▸ La rejilla es de SEMANAS, no de meses: la fila 4 numera las 53 semanas del año y la fila 5 enseña el lunes de cada una. Cambia el lunes de la semana 1 (celda verde B5) y las 52 restantes se recalculan solas — y con ellas el año del título y las dos fechas del ejercicio de 'Saldo Vacaciones'. El fichero viene preparado para el año 2027: si estás planificando otro, cambia esa celda y el libro entero se mueve.
B7: ▸ Códigos de ausencia: V=Vacaciones · B=Baja · F=Festivo · PE=Permiso (el permiso es PE, no P: en el cuadrante P es Partido).
B8: ▸ Registra cada petición en 'Solicitudes' con sus fechas de inicio y fin. Los días se cuentan SOLOS y avisan si las fechas están al revés. Esa hoja se indexa por PETICIÓN, no por persona: caben 150 solicitudes, unas cinco por empleado, porque nadie coge los 30 días del tirón.
B9: ▸ El saldo real vive en 'Saldo Vacaciones': derecho del año, disfrutados, pendientes y lo que le queda a cada persona. Descuenta también las solicitudes pendientes, para que no apruebes dos veces los mismos días. Y sólo cuenta las de ESTE ejercicio, así que el mismo libro sirve varios años sin que las vacaciones de dos años descuenten del mismo derecho.
B10: ▸ Rellena también la «Fecha de baja / fin de contrato» de quien no llegue a fin de año: el derecho se prorratea por los DOS extremos, y ese número es el que va al finiquito. Un temporal de enero a junio genera 15 días, no 30.
B11: ▸ En 'Cobertura' fijas el personal mínimo por turno, el máximo de ausencias que aguantas a la vez y el máximo propio de la temporada alta. Con eso, la fila «Cobertura» del calendario avisa semana a semana: primero mira si te pasas del máximo y la temporada alta agrava el aviso, no lo sustituye.
B12: ▸ La fila de ausencias del calendario es la MAYOR de dos cuentas: lo que hayas marcado a mano en la rejilla (V, B y PE — el permiso retribuido también hay que cubrirlo) y lo que sale solo de las solicitudes APROBADAS. Trabajes con la rejilla o con las solicitudes, la cobertura se entera.
B14: Por qué el calendario ya no cuenta meses:
B15: ▸ En la versión 1.1 había una casilla por MES, así que quien disfrutaba agosto entero figuraba con 1 día usado y 29 restantes. Ahora la columna «Días Usados» suma los DÍAS de las solicitudes aprobadas de esa persona: la rejilla sirve para VER el año de un vistazo y las solicitudes son la fuente del cómputo.
... B36: Versión 2.0 · agosto 2026 · aichef.pro/kit-gestion-personal · info@aichef.pro

Sheet Calendario Anual
A1: ="Calendario de Vacaciones — Año "&TEXT(YEAR($B$5),"0") -> Calendario de Vacaciones — Año 2027
A2: AI Chef Pro · aichef.pro — Kit Gestión de Personal y Turnos
A3: Códigos: | B3: V=Vacaciones | C3: B=Baja | D3: F=Festivo | E3: PE=Permiso
A4: Semana nº | B4: 1 | C4: 2 | D4: 3 | E4: 4 | F4: 5 | G4: 6 | H4: 7 | I4: 8 | J4: 9 | K4: 10 | L4: 11 | M4: 12 | N4: 13 | O4: 14 | P4: 15 | Q4: 16 | R4: 17 | S4: 18 | T4: 19 | U4: 20 | V4: 21 | W4: 22 | X4: 23 | Y4: 24 | Z4: 25 | AA4: 26 | AB4: 27 | AC4: 28 | AD4: 29 | AE4: 30 | AF4: 31 | AG4: 32 | AH4: 33 | AI4: 34 | AJ4: 35 | AK4: 36 | AL4: 37 | AM4: 38 | AN4: 39 | AO4: 40 | AP4: 41 | AQ4: 42 | AR4: 43 | AS4: 44 | AT4: 45 | AU4: 46 | AV4: 47 | AW4: 48 | AX4: 49 | AY4: 50 | AZ4: 51 | BA4: 52 | BB4: 53
A5: Lunes de la semana 1 → | B5: 46391 | C5: =B5+7 -> 46398 | D5: =C5+7 -> 46405 | E5: =D5+7 -> 46412 | F5: =E5+7 -> 46419 | G5: =F5+7 -> 46426 | H5: =G5+7 -> 46433 | I5: =H5+7 -> 46440 | J5: =I5+7 -> 46447 | ... BB5: =BA5+7 -> 46755 | BC5: Días Usados
BC6: =IF($A6="","",SUMIFS(Solicitudes!$D$5:$D$154,Solicitudes!$A$5:$A$154,$A6&"",Solicitudes!$G$5:$G$154,"Aprobado",Solicitudes!$B$5:$B$154,">="&'Saldo Vacaciones'!$E$2,Solicitudes!$B$5:$B$154,"<="&'Saldo Vacaciones'!$G$2))
BC7: =IF($A7="","",SUMIFS(Solicitudes!$D$5:$D$154,Solicitudes!$A$5:$A$154,$A7&"",Solicitudes!$G$5:$G$154,"Aprobado",Solicitudes!$B$5:$B$154,">="&'Saldo Vacaciones'!$E$2,Solicitudes!$B$5:$B$154,"<="&'Saldo Vacaciones'!$G$2))
BC8: =IF($A8="","",SUMIFS(Solicitudes!$D$5:$D$154,Solicitudes!$A$5:$A$154,$A8&"",Solicitudes!$G$5:$G$154,"Aprobado",Solicitudes!$B$5:$B$154,">="&'Saldo Vacaciones'!$E$2,Solicitudes!$B$5:$B$154,"<="&'Saldo Vacaciones'!$G$2))
BC9: =IF($A9="","",SUMIFS(Solicitudes!$D$5:$D$154,Solicitudes!$A$5:$A$154,$A9&"",Solicitudes!$G$5:$G$154,"Aprobado",Solicitudes!$B$5:$B$154,">="&'Saldo Vacaciones'!$E$2,Solicitudes!$B$5:$B$154,"<="&'Saldo Vacaciones'!$G$2))
BC10: =IF($A10="","",SUMIFS(Solicitudes!$D$5:$D$154,Solicitudes!$A$5:$A$154,$A10&"",Solicitudes!$G$5:$G$154,"Aprobado",Solicitudes!$B$5:$B$154,">="&'Saldo Vacaciones'!$E$2,Solicitudes!$B$5:$B$154,"<="&'Saldo Vacaciones'!$G$2))
BC11: =IF($A11="","",SUMIFS(Solicitudes!$D$5:$D$154,Solicitudes!$A$5:$A$154,$A11&"",Solicitudes!$G$5:$G$154,"Aprobado",Solicitudes!$B$5:$B$154,">="&'Saldo Vacaciones'!$E$2,Solicitudes!$B$5:$B$154,"<="&'Saldo Vacaciones'!$G$2))
BC12: =IF($A12="","",SUMIFS(Solicitudes!$D$5:$D$154,Solicitudes!$A$5:$A$154,$A12&"",Solicitudes!$G$5:$G$154,"Aprobado",Solicitudes!$B$5:$B$154,">="&'Saldo Vacaciones'!$E$2,Solicitudes!$B$5:$B$154,"<="&'Saldo Vacaciones'!$G$2))
BC13: =IF($A13="","",SUMIFS(Solicitudes!$D$5:$D$154,Solicitudes!$A$5:$A$154,$A13&"",Solicitudes!$G$5:$G$154,"Aprobado",Solicitudes!$B$5:$B$154,">="&'Saldo Vacaciones'!$E$2,Solicitudes!$B$5:$B$154,"<="&'Saldo Vacaciones'!$G$2))
BC14: =IF($A14="","",SUMIFS(Solicitudes!$D$5:$D$154,Solicitudes!$A$5:$A$154,$A14&"",Solicitudes!$G$5:$G$154,"Aprobado",Solicitudes!$B$5:$B$154,">="&'Saldo Vacaciones'!$E$2,Solicitudes!$B$5:$B$154,"<="&'Saldo Vacaciones'!$G$2))
BC15: =IF($A15="","",SUMIFS(Solicitudes!$D$5:$D$154,Solicitudes!$A$5:$A$154,$A15&"",Solicitudes!$G$5:$G$154,"Aprobado",Solicitudes!$B$5:$B$154,">="&'Saldo Vacaciones'!$E$2,Solicitudes!$B$5:$B$154,"<="&'Saldo Vacaciones'!$G$2))
BC16: =IF($A16="","",SUMIFS(Solicitudes!$D$5:$D$154,Solicitudes!$A$5:$A$154,$A16&"",Solicitudes!$G$5:$G$154,"Aprobado",Solicitudes!$B$5:$B$154,">="&'Saldo Vacaciones'!$E$2,Solicitudes!$B$5:$B$154,"<="&'Saldo Vacaciones'!$G$2))
BC17: =IF($A17="","",SUMIFS(Solicitudes!$D$5:$D$154,Solicitudes!$A$5:$A$154,$A17&"",Solicitudes!$G$5:$G$154,"Aprobado",Solicitudes!$B$5:$B$154,">="&'Saldo Vacaciones'!$E$2,Solicitudes!$B$5:$B$154,"<="&'Saldo Vacaciones'!$G$2))
... BC35: =IF($A35="","",SUMIFS(Solicitudes!$D$5:$D$154,Solicitudes!$A$5:$A$154,$A35&"",Solicitudes!$G$5:$G$154,"Aprobado",Solicitudes!$B$5:$B$154,">="&'Saldo Vacaciones'!$E$2,Solicitudes!$B$5:$B$154,"<="&'Saldo Vacaciones'!$G$2))
A36: Temporada (Alta / Normal) | B36: Normal | C36: Normal | D36: Normal | E36: Normal | F36: Normal | G36: Normal | H36: Normal | I36: Normal | J36: Normal | K36: Normal | L36: Normal | M36: Normal | N36: Normal | O36: Normal | P36: Normal | Q36: Normal | R36: Normal | S36: Normal | T36: Normal | U36: Normal | V36: Normal | W36: Normal | X36: Normal | Y36: Normal | Z36: Normal | AA36: Normal | AB36: Alta | AC36: Alta | AD36: Alta | AE36: Alta | AF36: Alta | AG36: Alta | AH36: Alta | AI36: Alta | AJ36: Alta | AK36: Normal | AL36: Normal | AM36: Normal | AN36: Normal | AO36: Normal | AP36: Normal | AQ36: Normal | AR36: Normal | AS36: Normal | AT36: Normal | AU36: Normal | AV36: Normal | AW36: Normal | AX36: Normal | AY36: Normal | AZ36: Alta | BA36: Alta | BB36: Normal
A37: Ausencias marcadas en la rejilla (V, B, PE) | B37: =COUNTIF(B$6:B$35,"V")+COUNTIF(B$6:B$35,"B")+COUNTIF(B$6:B$35,"PE") -> 0 | C37: =COUNTIF(C$6:C$35,"V")+COUNTIF(C$6:C$35,"B")+COUNTIF(C$6:C$35,"PE") -> 0 | D37: =COUNTIF(D$6:D$35,"V")+COUNTIF(D$6:D$35,"B")+COUNTIF(D$6:D$35,"PE") -> 0 | E37: =COUNTIF(E$6:E$35,"V")+COUNTIF(E$6:E$35,"B")+COUNTIF(E$6:E$35,"PE") -> 0 | F37: =COUNTIF(F$6:F$35,"V")+COUNTIF(F$6:F$35,"B")+COUNTIF(F$6:F$35,"PE") -> 0 | G37: =COUNTIF(G$6:G$35,"V")+COUNTIF(G$6:G$35,"B")+COUNTIF(G$6:G$35,"PE") -> 0 | H37: =COUNTIF(H$6:H$35,"V")+COUNTIF(H$6:H$35,"B")+COUNTIF(H$6:H$35,"PE") -> 0 | I37: =COUNTIF(I$6:I$35,"V")+COUNTIF(I$6:I$35,"B")+COUNTIF(I$6:I$35,"PE") -> 0 | ... BB37: =COUNTIF(BB$6:BB$35,"V")+COUNTIF(BB$6:BB$35,"B")+COUNTIF(BB$6:BB$35,"PE") -> 0
A38: Ausencias por solicitudes APROBADAS | B38: =SUMPRODUCT((Solicitudes!$A$5:$A$154<>"")*(Solicitudes!$G$5:$G$154="Aprobado")*(Solicitudes!$B$5:$B$154<=B$5+6)*(Solicitudes!$C$5:$C$154>=B$5)) -> 0 | C38: =SUMPRODUCT((Solicitudes!$A$5:$A$154<>"")*(Solicitudes!$G$5:$G$154="Aprobado")*(Solicitudes!$B$5:$B$154<=C$5+6)*(Solicitudes!$C$5:$C$154>=C$5)) -> 0 | D38: =SUMPRODUCT((Solicitudes!$A$5:$A$154<>"")*(Solicitudes!$G$5:$G$154="Aprobado")*(Solicitudes!$B$5:$B$154<=D$5+6)*(Solicitudes!$C$5:$C$154>=D$5)) -> 0 | E38: =SUMPRODUCT((Solicitudes!$A$5:$A$154<>"")*(Solicitudes!$G$5:$G$154="Aprobado")*(Solicitudes!$B$5:$B$154<=E$5+6)*(Solicitudes!$C$5:$C$154>=E$5)) -> 0 | F38: =SUMPRODUCT((Solicitudes!$A$5:$A$154<>"")*(Solicitudes!$G$5:$G$154="Aprobado")*(Solicitudes!$B$5:$B$154<=F$5+6)*(Solicitudes!$C$5:$C$154>=F$5)) -> 0 | G38: =SUMPRODUCT((Solicitudes!$A$5:$A$154<>"")*(Solicitudes!$G$5:$G$154="Aprobado")*(Solicitudes!$B$5:$B$154<=G$5+6)*(Solicitudes!$C$5:$C$154>=G$5)) -> 0 | H38: =SUMPRODUCT((Solicitudes!$A$5:$A$154<>"")*(Solicitudes!$G$5:$G$154="Aprobado")*(Solicitudes!$B$5:$B$154<=H$5+6)*(Solicitudes!$C$5:$C$154>=H$5)) -> 0 | I38: =SUMPRODUCT((Solicitudes!$A$5:$A$154<>"")*(Solicitudes!$G$5:$G$154="Aprobado")*(Solicitudes!$B$5:$B$154<=I$5+6)*(Solicitudes!$C$5:$C$154>=I$5)) -> 0 | ... BB38: =SUMPRODUCT((Solicitudes!$A$5:$A$154<>"")*(Solicitudes!$G$5:$G$154="Aprobado")*(Solicitudes!$B$5:$B$154<=BB$5+6)*(Solicitudes!$C$5:$C$154>=BB$5)) -> 0
A39: Ausencias en la semana (la mayor de las dos) | B39: =IF(B$37>B$38,B$37,B$38) -> 0 | C39: =IF(C$37>C$38,C$37,C$38) -> 0 | D39: =IF(D$37>D$38,D$37,D$38) -> 0 | E39: =IF(E$37>E$38,E$37,E$38) -> 0 | F39: =IF(F$37>F$38,F$37,F$38) -> 0 | G39: =IF(G$37>G$38,G$37,G$38) -> 0 | H39: =IF(H$37>H$38,H$37,H$38) -> 0 | I39: =IF(I$37>I$38,I$37,I$38) -> 0 | ... BB39: =IF(BB$37>BB$38,BB$37,BB$38) -> 0
A40: Cobertura (alerta) | B40: =IF(B$39=0,"",IF(B$39>Cobertura!$B$3,IF(B$36="Alta","⛔ EXCESO en TEMP. ALTA","⚠ EXCESO"),IF(AND(B$36="Alta",B$39>Cobertura!$D$3),"⛔ TEMP. ALTA",""))) | C40: =IF(C$39=0,"",IF(C$39>Cobertura!$B$3,IF(C$36="Alta","⛔ EXCESO en TEMP. ALTA","⚠ EXCESO"),IF(AND(C$36="Alta",C$39>Cobertura!$D$3),"⛔ TEMP. ALTA",""))) | D40: =IF(D$39=0,"",IF(D$39>Cobertura!$B$3,IF(D$36="Alta","⛔ EXCESO en TEMP. ALTA","⚠ EXCESO"),IF(AND(D$36="Alta",D$39>Cobertura!$D$3),"⛔ TEMP. ALTA",""))) | E40: =IF(E$39=0,"",IF(E$39>Cobertura!$B$3,IF(E$36="Alta","⛔ EXCESO en TEMP. ALTA","⚠ EXCESO"),IF(AND(E$36="Alta",E$39>Cobertura!$D$3),"⛔ TEMP. ALTA",""))) | F40: =IF(F$39=0,"",IF(F$39>Cobertura!$B$3,IF(F$36="Alta","⛔ EXCESO en TEMP. ALTA","⚠ EXCESO"),IF(AND(F$36="Alta",F$39>Cobertura!$D$3),"⛔ TEMP. ALTA",""))) | G40: =IF(G$39=0,"",IF(G$39>Cobertura!$B$3,IF(G$36="Alta","⛔ EXCESO en TEMP. ALTA","⚠ EXCESO"),IF(AND(G$36="Alta",G$39>Cobertura!$D$3),"⛔ TEMP. ALTA",""))) | H40: =IF(H$39=0,"",IF(H$39>Cobertura!$B$3,IF(H$36="Alta","⛔ EXCESO en TEMP. ALTA","⚠ EXCESO"),IF(AND(H$36="Alta",H$39>Cobertura!$D$3),"⛔ TEMP. ALTA",""))) | I40: =IF(I$39=0,"",IF(I$39>Cobertura!$B$3,IF(I$36="Alta","⛔ EXCESO en TEMP. ALTA","⚠ EXCESO"),IF(AND(I$36="Alta",I$39>Cobertura!$D$3),"⛔ TEMP. ALTA",""))) | ... BB40: =IF(BB$39=0,"",IF(BB$39>Cobertura!$B$3,IF(BB$36="Alta","⛔ EXCESO en TEMP. ALTA","⚠ EXCESO"),IF(AND(BB$36="Alta",BB$39>Cobertura!$D$3),"⛔ TEMP. ALTA","")))
A42: © 2026 AI Chef Pro · aichef.pro

Sheet Solicitudes
A1: Solicitudes de Vacaciones
A2: AI Chef Pro · aichef.pro — Kit Gestión de Personal y Turnos
A4: Empleado | B4: Fecha Inicio | C4: Fecha Fin | D4: Días solicitados | E4: Ya disfrutados | F4: Le quedan | G4: Estado | H4: Aviso
D5: =IF(OR($B5="",$C5=""),"",IF($C5<$B5,"⚠ fechas invertidas",$C5-$B5+1)) | E5: =IFERROR(IF($A5="","",INDEX('Saldo Vacaciones'!$F$5:$F$34,MATCH($A5,'Saldo Vacaciones'!$A$5:$A$34,0))),"") | F5: =IFERROR(IF($A5="","",INDEX('Saldo Vacaciones'!$H$5:$H$34,MATCH($A5,'Saldo Vacaciones'!$A$5:$A$34,0))),"") | H5: =IF($A5="","",IF(COUNTIF('Calendario Anual'!$A$6:$A$35,$A5&"")=0,"⚠ ese nombre no está en el calendario",""))
D6: =IF(OR($B6="",$C6=""),"",IF($C6<$B6,"⚠ fechas invertidas",$C6-$B6+1)) | E6: =IFERROR(IF($A6="","",INDEX('Saldo Vacaciones'!$F$5:$F$34,MATCH($A6,'Saldo Vacaciones'!$A$5:$A$34,0))),"") | F6: =IFERROR(IF($A6="","",INDEX('Saldo Vacaciones'!$H$5:$H$34,MATCH($A6,'Saldo Vacaciones'!$A$5:$A$34,0))),"") | H6: =IF($A6="","",IF(COUNTIF('Calendario Anual'!$A$6:$A$35,$A6&"")=0,"⚠ ese nombre no está en el calendario",""))
D7: =IF(OR($B7="",$C7=""),"",IF($C7<$B7,"⚠ fechas invertidas",$C7-$B7+1)) | E7: =IFERROR(IF($A7="","",INDEX('Saldo Vacaciones'!$F$5:$F$34,MATCH($A7,'Saldo Vacaciones'!$A$5:$A$34,0))),"") | F7: =IFERROR(IF($A7="","",INDEX('Saldo Vacaciones'!$H$5:$H$34,MATCH($A7,'Saldo Vacaciones'!$A$5:$A$34,0))),"") | H7: =IF($A7="","",IF(COUNTIF('Calendario Anual'!$A$6:$A$35,$A7&"")=0,"⚠ ese nombre no está en el calendario",""))
D8: =IF(OR($B8="",$C8=""),"",IF($C8<$B8,"⚠ fechas invertidas",$C8-$B8+1)) | E8: =IFERROR(IF($A8="","",INDEX('Saldo Vacaciones'!$F$5:$F$34,MATCH($A8,'Saldo Vacaciones'!$A$5:$A$34,0))),"") | F8: =IFERROR(IF($A8="","",INDEX('Saldo Vacaciones'!$H$5:$H$34,MATCH($A8,'Saldo Vacaciones'!$A$5:$A$34,0))),"") | H8: =IF($A8="","",IF(COUNTIF('Calendario Anual'!$A$6:$A$35,$A8&"")=0,"⚠ ese nombre no está en el calendario",""))
D9: =IF(OR($B9="",$C9=""),"",IF($C9<$B9,"⚠ fechas invertidas",$C9-$B9+1)) | E9: =IFERROR(IF($A9="","",INDEX('Saldo Vacaciones'!$F$5:$F$34,MATCH($A9,'Saldo Vacaciones'!$A$5:$A$34,0))),"") | F9: =IFERROR(IF($A9="","",INDEX('Saldo Vacaciones'!$H$5:$H$34,MATCH($A9,'Saldo Vacaciones'!$A$5:$A$34,0))),"") | H9: =IF($A9="","",IF(COUNTIF('Calendario Anual'!$A$6:$A$35,$A9&"")=0,"⚠ ese nombre no está en el calendario",""))
D10: =IF(OR($B10="",$C10=""),"",IF($C10<$B10,"⚠ fechas invertidas",$C10-$B10+1)) | E10: =IFERROR(IF($A10="","",INDEX('Saldo Vacaciones'!$F$5:$F$34,MATCH($A10,'Saldo Vacaciones'!$A$5:$A$34,0))),"") | F10: =IFERROR(IF($A10="","",INDEX('Saldo Vacaciones'!$H$5:$H$34,MATCH($A10,'Saldo Vacaciones'!$A$5:$A$34,0))),"") | H10: =IF($A10="","",IF(COUNTIF('Calendario Anual'!$A$6:$A$35,$A10&"")=0,"⚠ ese nombre no está en el calendario",""))
D11: =IF(OR($B11="",$C11=""),"",IF($C11<$B11,"⚠ fechas invertidas",$C11-$B11+1)) | E11: =IFERROR(IF($A11="","",INDEX('Saldo Vacaciones'!$F$5:$F$34,MATCH($A11,'Saldo Vacaciones'!$A$5:$A$34,0))),"") | F11: =IFERROR(IF($A11="","",INDEX('Saldo Vacaciones'!$H$5:$H$34,MATCH($A11,'Saldo Vacaciones'!$A$5:$A$34,0))),"") | H11: =IF($A11="","",IF(COUNTIF('Calendario Anual'!$A$6:$A$35,$A11&"")=0,"⚠ ese nombre no está en el calendario",""))
D12: =IF(OR($B12="",$C12=""),"",IF($C12<$B12,"⚠ fechas invertidas",$C12-$B12+1)) | E12: =IFERROR(IF($A12="","",INDEX('Saldo Vacaciones'!$F$5:$F$34,MATCH($A12,'Saldo Vacaciones'!$A$5:$A$34,0))),"") | F12: =IFERROR(IF($A12="","",INDEX('Saldo Vacaciones'!$H$5:$H$34,MATCH($A12,'Saldo Vacaciones'!$A$5:$A$34,0))),"") | H12: =IF($A12="","",IF(COUNTIF('Calendario Anual'!$A$6:$A$35,$A12&"")=0,"⚠ ese nombre no está en el calendario",""))
D13: =IF(OR($B13="",$C13=""),"",IF($C13<$B13,"⚠ fechas invertidas",$C13-$B13+1)) | E13: =IFERROR(IF($A13="","",INDEX('Saldo Vacaciones'!$F$5:$F$34,MATCH($A13,'Saldo Vacaciones'!$A$5:$A$34,0))),"") | F13: =IFERROR(IF($A13="","",INDEX('Saldo Vacaciones'!$H$5:$H$34,MATCH($A13,'Saldo Vacaciones'!$A$5:$A$34,0))),"") | H13: =IF($A13="","",IF(COUNTIF('Calendario Anual'!$A$6:$A$35,$A13&"")=0,"⚠ ese nombre no está en el calendario",""))
D14: =IF(OR($B14="",$C14=""),"",IF($C14<$B14,"⚠ fechas invertidas",$C14-$B14+1)) | E14: =IFERROR(IF($A14="","",INDEX('Saldo Vacaciones'!$F$5:$F$34,MATCH($A14,'Saldo Vacaciones'!$A$5:$A$34,0))),"") | F14: =IFERROR(IF($A14="","",INDEX('Saldo Vacaciones'!$H$5:$H$34,MATCH($A14,'Saldo Vacaciones'!$A$5:$A$34,0))),"") | H14: =IF($A14="","",IF(COUNTIF('Calendario Anual'!$A$6:$A$35,$A14&"")=0,"⚠ ese nombre no está en el calendario",""))
D15: =IF(OR($B15="",$C15=""),"",IF($C15<$B15,"⚠ fechas invertidas",$C15-$B15+1)) | E15: =IFERROR(IF($A15="","",INDEX('Saldo Vacaciones'!$F$5:$F$34,MATCH($A15,'Saldo Vacaciones'!$A$5:$A$34,0))),"") | F15: =IFERROR(IF($A15="","",INDEX('Saldo Vacaciones'!$H$5:$H$34,MATCH($A15,'Saldo Vacaciones'!$A$5:$A$34,0))),"") | H15: =IF($A15="","",IF(COUNTIF('Calendario Anual'!$A$6:$A$35,$A15&"")=0,"⚠ ese nombre no está en el calendario",""))
D16: =IF(OR($B16="",$C16=""),"",IF($C16<$B16,"⚠ fechas invertidas",$C16-$B16+1)) | E16: =IFERROR(IF($A16="","",INDEX('Saldo Vacaciones'!$F$5:$F$34,MATCH($A16,'Saldo Vacaciones'!$A$5:$A$34,0))),"") | F16: =IFERROR(IF($A16="","",INDEX('Saldo Vacaciones'!$H$5:$H$34,MATCH($A16,'Saldo Vacaciones'!$A$5:$A$34,0))),"") | H16: =IF($A16="","",IF(COUNTIF('Calendario Anual'!$A$6:$A$35,$A16&"")=0,"⚠ ese nombre no está en el calendario",""))
... D154: =IF(OR($B154="",$C154=""),"",IF($C154<$B154,"⚠ fechas invertidas",$C154-$B154+1)) | E154: =IFERROR(IF($A154="","",INDEX('Saldo Vacaciones'!$F$5:$F$34,MATCH($A154,'Saldo Vacaciones'!$A$5:$A$34,0))),"") | F154: =IFERROR(IF($A154="","",INDEX('Saldo Vacaciones'!$H$5:$H$34,MATCH($A154,'Saldo Vacaciones'!$A$5:$A$34,0))),"") | H154: =IF($A154="","",IF(COUNTIF('Calendario Anual'!$A$6:$A$35,$A154&"")=0,"⚠ ese nombre no está en el calendario",""))
A156: ▸ Esta hoja se indexa por PETICIÓN, no por persona: caben 150 solicitudes, unas cinco por empleado. Nadie coge los 30 días del tirón — en hostelería se parten en verano, Navidad y algún puente—, y el saldo sólo es cierto si TODOS los periodos están aquí.
A158: © 2026 AI Chef Pro · aichef.pro

Sheet Saldo Vacaciones
A1: Saldo de Vacaciones por Empleado
A2: Días de vacaciones por convenio (naturales): | B2: 30 | D2: Inicio del año: | E2: =DATE(YEAR($G$2),1,1) -> 46388 | F2: Fecha de cierre del año: | G2: =DATE(YEAR('Calendario Anual'!$B$5),12,31) -> 46752 | H2: ← salen del lunes de la semana 1 (Calendario Anual!B5): cámbialo allí y el ejercicio entero se mueve
A3: ▸ Los nombres salen del Calendario Anual. Rellena la fecha de alta (para prorratear a quien entra a mitad de año), la de baja o fin de contrato si la hay (ese número es el que va al finiquito) y, si alguien tiene un derecho distinto del general, sus días propios.
A4: Empleado | B4: Fecha de alta | C4: Fecha de baja / fin de contrato | D4: Días propios | E4: Derecho del año | F4: Disfrutados | G4: Pendientes | H4: Le quedan | I4: Aviso
A5: =IF('Calendario Anual'!$A6="","",'Calendario Anual'!$A6) | E5: =IFERROR(IF($A5="","",MAX(0,MIN(IF($D5="",$B$2,$D5),ROUND(IF($D5="",$B$2,$D5)*((IF($C5="",$G$2,MIN($C5,$G$2)))-(IF($B5="",$E$2,MAX($B5,$E$2)))+1)/($G$2-$E$2+1),1)))),"") | F5: =IF($A5="","",SUMIFS(Solicitudes!$D$5:$D$154,Solicitudes!$A$5:$A$154,$A5&"",Solicitudes!$G$5:$G$154,"Aprobado",Solicitudes!$B$5:$B$154,">="&'Saldo Vacaciones'!$E$2,Solicitudes!$B$5:$B$154,"<="&'Saldo Vacaciones'!$G$2)) | G5: =IF($A5="","",SUMIFS(Solicitudes!$D$5:$D$154,Solicitudes!$A$5:$A$154,$A5&"",Solicitudes!$G$5:$G$154,"Pendiente",Solicitudes!$B$5:$B$154,">="&'Saldo Vacaciones'!$E$2,Solicitudes!$B$5:$B$154,"<="&'Saldo Vacaciones'!$G$2)) | H5: =IF($E5="","",ROUND($E5-$F5-$G5,1)) | I5: =IF($A5="","",IF(AND($B5<>"",$B5>$G$2),"⚠ la fecha de alta es posterior al cierre del año",IF(AND($C5<>"",$B5<>"",$C5<$B5),"⚠ la fecha de baja es anterior a la de alta",IF($H5<0,"⛔ saldo negativo",IF($H5=0,"⚠ sin días disponibles","")))))
A6: =IF('Calendario Anual'!$A7="","",'Calendario Anual'!$A7) | E6: =IFERROR(IF($A6="","",MAX(0,MIN(IF($D6="",$B$2,$D6),ROUND(IF($D6="",$B$2,$D6)*((IF($C6="",$G$2,MIN($C6,$G$2)))-(IF($B6="",$E$2,MAX($B6,$E$2)))+1)/($G$2-$E$2+1),1)))),"") | F6: =IF($A6="","",SUMIFS(Solicitudes!$D$5:$D$154,Solicitudes!$A$5:$A$154,$A6&"",Solicitudes!$G$5:$G$154,"Aprobado",Solicitudes!$B$5:$B$154,">="&'Saldo Vacaciones'!$E$2,Solicitudes!$B$5:$B$154,"<="&'Saldo Vacaciones'!$G$2)) | G6: =IF($A6="","",SUMIFS(Solicitudes!$D$5:$D$154,Solicitudes!$A$5:$A$154,$A6&"",Solicitudes!$G$5:$G$154,"Pendiente",Solicitudes!$B$5:$B$154,">="&'Saldo Vacaciones'!$E$2,Solicitudes!$B$5:$B$154,"<="&'Saldo Vacaciones'!$G$2)) | H6: =IF($E6="","",ROUND($E6-$F6-$G6,1)) | I6: =IF($A6="","",IF(AND($B6<>"",$B6>$G$2),"⚠ la fecha de alta es posterior al cierre del año",IF(AND($C6<>"",$B6<>"",$C6<$B6),"⚠ la fecha de baja es anterior a la de alta",IF($H6<0,"⛔ saldo negativo",IF($H6=0,"⚠ sin días disponibles","")))))
A7: =IF('Calendario Anual'!$A8="","",'Calendario Anual'!$A8) | E7: =IFERROR(IF($A7="","",MAX(0,MIN(IF($D7="",$B$2,$D7),ROUND(IF($D7="",$B$2,$D7)*((IF($C7="",$G$2,MIN($C7,$G$2)))-(IF($B7="",$E$2,MAX($B7,$E$2)))+1)/($G$2-$E$2+1),1)))),"") | F7: =IF($A7="","",SUMIFS(Solicitudes!$D$5:$D$154,Solicitudes!$A$5:$A$154,$A7&"",Solicitudes!$G$5:$G$154,"Aprobado",Solicitudes!$B$5:$B$154,">="&'Saldo Vacaciones'!$E$2,Solicitudes!$B$5:$B$154,"<="&'Saldo Vacaciones'!$G$2)) | G7: =IF($A7="","",SUMIFS(Solicitudes!$D$5:$D$154,Solicitudes!$A$5:$A$154,$A7&"",Solicitudes!$G$5:$G$154,"Pendiente",Solicitudes!$B$5:$B$154,">="&'Saldo Vacaciones'!$E$2,Solicitudes!$B$5:$B$154,"<="&'Saldo Vacaciones'!$G$2)) | H7: =IF($E7="","",ROUND($E7-$F7-$G7,1)) | I7: =IF($A7="","",IF(AND($B7<>"",$B7>$G$2),"⚠ la fecha de alta es posterior al cierre del año",IF(AND($C7<>"",$B7<>"",$C7<$B7),"⚠ la fecha de baja es anterior a la de alta",IF($H7<0,"⛔ saldo negativo",IF($H7=0,"⚠ sin días disponibles","")))))
A8: =IF('Calendario Anual'!$A9="","",'Calendario Anual'!$A9) | E8: =IFERROR(IF($A8="","",MAX(0,MIN(IF($D8="",$B$2,$D8),ROUND(IF($D8="",$B$2,$D8)*((IF($C8="",$G$2,MIN($C8,$G$2)))-(IF($B8="",$E$2,MAX($B8,$E$2)))+1)/($G$2-$E$2+1),1)))),"") | F8: =IF($A8="","",SUMIFS(Solicitudes!$D$5:$D$154,Solicitudes!$A$5:$A$154,$A8&"",Solicitudes!$G$5:$G$154,"Aprobado",Solicitudes!$B$5:$B$154,">="&'Saldo Vacaciones'!$E$2,Solicitudes!$B$5:$B$154,"<="&'Saldo Vacaciones'!$G$2)) | G8: =IF($A8="","",SUMIFS(Solicitudes!$D$5:$D$154,Solicitudes!$A$5:$A$154,$A8&"",Solicitudes!$G$5:$G$154,"Pendiente",Solicitudes!$B$5:$B$154,">="&'Saldo Vacaciones'!$E$2,Solicitudes!$B$5:$B$154,"<="&'Saldo Vacaciones'!$G$2)) | H8: =IF($E8="","",ROUND($E8-$F8-$G8,1)) | I8: =IF($A8="","",IF(AND($B8<>"",$B8>$G$2),"⚠ la fecha de alta es posterior al cierre del año",IF(AND($C8<>"",$B8<>"",$C8<$B8),"⚠ la fecha de baja es anterior a la de alta",IF($H8<0,"⛔ saldo negativo",IF($H8=0,"⚠ sin días disponibles","")))))
A9: =IF('Calendario Anual'!$A10="","",'Calendario Anual'!$A10) | E9: =IFERROR(IF($A9="","",MAX(0,MIN(IF($D9="",$B$2,$D9),ROUND(IF($D9="",$B$2,$D9)*((IF($C9="",$G$2,MIN($C9,$G$2)))-(IF($B9="",$E$2,MAX($B9,$E$2)))+1)/($G$2-$E$2+1),1)))),"") | F9: =IF($A9="","",SUMIFS(Solicitudes!$D$5:$D$154,Solicitudes!$A$5:$A$154,$A9&"",Solicitudes!$G$5:$G$154,"Aprobado",Solicitudes!$B$5:$B$154,">="&'Saldo Vacaciones'!$E$2,Solicitudes!$B$5:$B$154,"<="&'Saldo Vacaciones'!$G$2)) | G9: =IF($A9="","",SUMIFS(Solicitudes!$D$5:$D$154,Solicitudes!$A$5:$A$154,$A9&"",Solicitudes!$G$5:$G$154,"Pendiente",Solicitudes!$B$5:$B$154,">="&'Saldo Vacaciones'!$E$2,Solicitudes!$B$5:$B$154,"<="&'Saldo Vacaciones'!$G$2)) | H9: =IF($E9="","",ROUND($E9-$F9-$G9,1)) | I9: =IF($A9="","",IF(AND($B9<>"",$B9>$G$2),"⚠ la fecha de alta es posterior al cierre del año",IF(AND($C9<>"",$B9<>"",$C9<$B9),"⚠ la fecha de baja es anterior a la de alta",IF($H9<0,"⛔ saldo negativo",IF($H9=0,"⚠ sin días disponibles","")))))
A10: =IF('Calendario Anual'!$A11="","",'Calendario Anual'!$A11) | E10: =IFERROR(IF($A10="","",MAX(0,MIN(IF($D10="",$B$2,$D10),ROUND(IF($D10="",$B$2,$D10)*((IF($C10="",$G$2,MIN($C10,$G$2)))-(IF($B10="",$E$2,MAX($B10,$E$2)))+1)/($G$2-$E$2+1),1)))),"") | F10: =IF($A10="","",SUMIFS(Solicitudes!$D$5:$D$154,Solicitudes!$A$5:$A$154,$A10&"",Solicitudes!$G$5:$G$154,"Aprobado",Solicitudes!$B$5:$B$154,">="&'Saldo Vacaciones'!$E$2,Solicitudes!$B$5:$B$154,"<="&'Saldo Vacaciones'!$G$2)) | G10: =IF($A10="","",SUMIFS(Solicitudes!$D$5:$D$154,Solicitudes!$A$5:$A$154,$A10&"",Solicitudes!$G$5:$G$154,"Pendiente",Solicitudes!$B$5:$B$154,">="&'Saldo Vacaciones'!$E$2,Solicitudes!$B$5:$B$154,"<="&'Saldo Vacaciones'!$G$2)) | H10: =IF($E10="","",ROUND($E10-$F10-$G10,1)) | I10: =IF($A10="","",IF(AND($B10<>"",$B10>$G$2),"⚠ la fecha de alta es posterior al cierre del año",IF(AND($C10<>"",$B10<>"",$C10<$B10),"⚠ la fecha de baja es anterior a la de alta",IF($H10<0,"⛔ saldo negativo",IF($H10=0,"⚠ sin días disponibles","")))))
A11: =IF('Calendario Anual'!$A12="","",'Calendario Anual'!$A12) | E11: =IFERROR(IF($A11="","",MAX(0,MIN(IF($D11="",$B$2,$D11),ROUND(IF($D11="",$B$2,$D11)*((IF($C11="",$G$2,MIN($C11,$G$2)))-(IF($B11="",$E$2,MAX($B11,$E$2)))+1)/($G$2-$E$2+1),1)))),"") | F11: =IF($A11="","",SUMIFS(Solicitudes!$D$5:$D$154,Solicitudes!$A$5:$A$154,$A11&"",Solicitudes!$G$5:$G$154,"Aprobado",Solicitudes!$B$5:$B$154,">="&'Saldo Vacaciones'!$E$2,Solicitudes!$B$5:$B$154,"<="&'Saldo Vacaciones'!$G$2)) | G11: =IF($A11="","",SUMIFS(Solicitudes!$D$5:$D$154,Solicitudes!$A$5:$A$154,$A11&"",Solicitudes!$G$5:$G$154,"Pendiente",Solicitudes!$B$5:$B$154,">="&'Saldo Vacaciones'!$E$2,Solicitudes!$B$5:$B$154,"<="&'Saldo Vacaciones'!$G$2)) | H11: =IF($E11="","",ROUND($E11-$F11-$G11,1)) | I11: =IF($A11="","",IF(AND($B11<>"",$B11>$G$2),"⚠ la fecha de alta es posterior al cierre del año",IF(AND($C11<>"",$B11<>"",$C11<$B11),"⚠ la fecha de baja es anterior a la de alta",IF($H11<0,"⛔ saldo negativo",IF($H11=0,"⚠ sin días disponibles","")))))
A12: =IF('Calendario Anual'!$A13="","",'Calendario Anual'!$A13) | E12: =IFERROR(IF($A12="","",MAX(0,MIN(IF($D12="",$B$2,$D12),ROUND(IF($D12="",$B$2,$D12)*((IF($C12="",$G$2,MIN($C12,$G$2)))-(IF($B12="",$E$2,MAX($B12,$E$2)))+1)/($G$2-$E$2+1),1)))),"") | F12: =IF($A12="","",SUMIFS(Solicitudes!$D$5:$D$154,Solicitudes!$A$5:$A$154,$A12&"",Solicitudes!$G$5:$G$154,"Aprobado",Solicitudes!$B$5:$B$154,">="&'Saldo Vacaciones'!$E$2,Solicitudes!$B$5:$B$154,"<="&'Saldo Vacaciones'!$G$2)) | G12: =IF($A12="","",SUMIFS(Solicitudes!$D$5:$D$154,Solicitudes!$A$5:$A$154,$A12&"",Solicitudes!$G$5:$G$154,"Pendiente",Solicitudes!$B$5:$B$154,">="&'Saldo Vacaciones'!$E$2,Solicitudes!$B$5:$B$154,"<="&'Saldo Vacaciones'!$G$2)) | H12: =IF($E12="","",ROUND($E12-$F12-$G12,1)) | I12: =IF($A12="","",IF(AND($B12<>"",$B12>$G$2),"⚠ la fecha de alta es posterior al cierre del año",IF(AND($C12<>"",$B12<>"",$C12<$B12),"⚠ la fecha de baja es anterior a la de alta",IF($H12<0,"⛔ saldo negativo",IF($H12=0,"⚠ sin días disponibles","")))))
A13: =IF('Calendario Anual'!$A14="","",'Calendario Anual'!$A14) | E13: =IFERROR(IF($A13="","",MAX(0,MIN(IF($D13="",$B$2,$D13),ROUND(IF($D13="",$B$2,$D13)*((IF($C13="",$G$2,MIN($C13,$G$2)))-(IF($B13="",$E$2,MAX($B13,$E$2)))+1)/($G$2-$E$2+1),1)))),"") | F13: =IF($A13="","",SUMIFS(Solicitudes!$D$5:$D$154,Solicitudes!$A$5:$A$154,$A13&"",Solicitudes!$G$5:$G$154,"Aprobado",Solicitudes!$B$5:$B$154,">="&'Saldo Vacaciones'!$E$2,Solicitudes!$B$5:$B$154,"<="&'Saldo Vacaciones'!$G$2)) | G13: =IF($A13="","",SUMIFS(Solicitudes!$D$5:$D$154,Solicitudes!$A$5:$A$154,$A13&"",Solicitudes!$G$5:$G$154,"Pendiente",Solicitudes!$B$5:$B$154,">="&'Saldo Vacaciones'!$E$2,Solicitudes!$B$5:$B$154,"<="&'Saldo Vacaciones'!$G$2)) | H13: =IF($E13="","",ROUND($E13-$F13-$G13,1)) | I13: =IF($A13="","",IF(AND($B13<>"",$B13>$G$2),"⚠ la fecha de alta es posterior al cierre del año",IF(AND($C13<>"",$B13<>"",$C13<$B13),"⚠ la fecha de baja es anterior a la de alta",IF($H13<0,"⛔ saldo negativo",IF($H13=0,"⚠ sin días disponibles","")))))
A14: =IF('Calendario Anual'!$A15="","",'Calendario Anual'!$A15) | E14: =IFERROR(IF($A14="","",MAX(0,MIN(IF($D14="",$B$2,$D14),ROUND(IF($D14="",$B$2,$D14)*((IF($C14="",$G$2,MIN($C14,$G$2)))-(IF($B14="",$E$2,MAX($B14,$E$2)))+1)/($G$2-$E$2+1),1)))),"") | F14: =IF($A14="","",SUMIFS(Solicitudes!$D$5:$D$154,Solicitudes!$A$5:$A$154,$A14&"",Solicitudes!$G$5:$G$154,"Aprobado",Solicitudes!$B$5:$B$154,">="&'Saldo Vacaciones'!$E$2,Solicitudes!$B$5:$B$154,"<="&'Saldo Vacaciones'!$G$2)) | G14: =IF($A14="","",SUMIFS(Solicitudes!$D$5:$D$154,Solicitudes!$A$5:$A$154,$A14&"",Solicitudes!$G$5:$G$154,"Pendiente",Solicitudes!$B$5:$B$154,">="&'Saldo Vacaciones'!$E$2,Solicitudes!$B$5:$B$154,"<="&'Saldo Vacaciones'!$G$2)) | H14: =IF($E14="","",ROUND($E14-$F14-$G14,1)) | I14: =IF($A14="","",IF(AND($B14<>"",$B14>$G$2),"⚠ la fecha de alta es posterior al cierre del año",IF(AND($C14<>"",$B14<>"",$C14<$B14),"⚠ la fecha de baja es anterior a la de alta",IF($H14<0,"⛔ saldo negativo",IF($H14=0,"⚠ sin días disponibles","")))))
A15: =IF('Calendario Anual'!$A16="","",'Calendario Anual'!$A16) | E15: =IFERROR(IF($A15="","",MAX(0,MIN(IF($D15="",$B$2,$D15),ROUND(IF($D15="",$B$2,$D15)*((IF($C15="",$G$2,MIN($C15,$G$2)))-(IF($B15="",$E$2,MAX($B15,$E$2)))+1)/($G$2-$E$2+1),1)))),"") | F15: =IF($A15="","",SUMIFS(Solicitudes!$D$5:$D$154,Solicitudes!$A$5:$A$154,$A15&"",Solicitudes!$G$5:$G$154,"Aprobado",Solicitudes!$B$5:$B$154,">="&'Saldo Vacaciones'!$E$2,Solicitudes!$B$5:$B$154,"<="&'Saldo Vacaciones'!$G$2)) | G15: =IF($A15="","",SUMIFS(Solicitudes!$D$5:$D$154,Solicitudes!$A$5:$A$154,$A15&"",Solicitudes!$G$5:$G$154,"Pendiente",Solicitudes!$B$5:$B$154,">="&'Saldo Vacaciones'!$E$2,Solicitudes!$B$5:$B$154,"<="&'Saldo Vacaciones'!$G$2)) | H15: =IF($E15="","",ROUND($E15-$F15-$G15,1)) | I15: =IF($A15="","",IF(AND($B15<>"",$B15>$G$2),"⚠ la fecha de alta es posterior al cierre del año",IF(AND($C15<>"",$B15<>"",$C15<$B15),"⚠ la fecha de baja es anterior a la de alta",IF($H15<0,"⛔ saldo negativo",IF($H15=0,"⚠ sin días disponibles","")))))
A16: =IF('Calendario Anual'!$A17="","",'Calendario Anual'!$A17) | E16: =IFERROR(IF($A16="","",MAX(0,MIN(IF($D16="",$B$2,$D16),ROUND(IF($D16="",$B$2,$D16)*((IF($C16="",$G$2,MIN($C16,$G$2)))-(IF($B16="",$E$2,MAX($B16,$E$2)))+1)/($G$2-$E$2+1),1)))),"") | F16: =IF($A16="","",SUMIFS(Solicitudes!$D$5:$D$154,Solicitudes!$A$5:$A$154,$A16&"",Solicitudes!$G$5:$G$154,"Aprobado",Solicitudes!$B$5:$B$154,">="&'Saldo Vacaciones'!$E$2,Solicitudes!$B$5:$B$154,"<="&'Saldo Vacaciones'!$G$2)) | G16: =IF($A16="","",SUMIFS(Solicitudes!$D$5:$D$154,Solicitudes!$A$5:$A$154,$A16&"",Solicitudes!$G$5:$G$154,"Pendiente",Solicitudes!$B$5:$B$154,">="&'Saldo Vacaciones'!$E$2,Solicitudes!$B$5:$B$154,"<="&'Saldo Vacaciones'!$G$2)) | H16: =IF($E16="","",ROUND($E16-$F16-$G16,1)) | I16: =IF($A16="","",IF(AND($B16<>"",$B16>$G$2),"⚠ la fecha de alta es posterior al cierre del año",IF(AND($C16<>"",$B16<>"",$C16<$B16),"⚠ la fecha de baja es anterior a la de alta",IF($H16<0,"⛔ saldo negativo",IF($H16=0,"⚠ sin días disponibles","")))))
... A34: =IF('Calendario Anual'!$A35="","",'Calendario Anual'!$A35) | E34: =IFERROR(IF($A34="","",MAX(0,MIN(IF($D34="",$B$2,$D34),ROUND(IF($D34="",$B$2,$D34)*((IF($C34="",$G$2,MIN($C34,$G$2)))-(IF($B34="",$E$2,MAX($B34,$E$2)))+1)/($G$2-$E$2+1),1)))),"") | F34: =IF($A34="","",SUMIFS(Solicitudes!$D$5:$D$154,Solicitudes!$A$5:$A$154,$A34&"",Solicitudes!$G$5:$G$154,"Aprobado",Solicitudes!$B$5:$B$154,">="&'Saldo Vacaciones'!$E$2,Solicitudes!$B$5:$B$154,"<="&'Saldo Vacaciones'!$G$2)) | G34: =IF($A34="","",SUMIFS(Solicitudes!$D$5:$D$154,Solicitudes!$A$5:$A$154,$A34&"",Solicitudes!$G$5:$G$154,"Pendiente",Solicitudes!$B$5:$B$154,">="&'Saldo Vacaciones'!$E$2,Solicitudes!$B$5:$B$154,"<="&'Saldo Vacaciones'!$G$2)) | H34: =IF($E34="","",ROUND($E34-$F34-$G34,1)) | I34: =IF($A34="","",IF(AND($B34<>"",$B34>$G$2),"⚠ la fecha de alta es posterior al cierre del año",IF(AND($C34<>"",$B34<>"",$C34<$B34),"⚠ la fecha de baja es anterior a la de alta",IF($H34<0,"⛔ saldo negativo",IF($H34=0,"⚠ sin días disponibles","")))))
A36: ▸ «Le quedan» descuenta las solicitudes APROBADAS y también las PENDIENTES: es el saldo que puedes comprometer hoy sin aprobar dos veces los mismos días. Y sólo cuenta las de ESTE ejercicio (las fechas de arriba), así que el mismo libro sirve varios años sin falsear el saldo.
A37: ▸ El prorrateo es lineal sobre los días que la persona está de alta DENTRO del ejercicio: entra la fecha de alta y también la de baja o fin de contrato. Un temporal de enero a junio genera 15 días, no 30 — y ése es el número que va al finiquito. Tu convenio puede calcularlo por meses completos: en ese caso escribe los días que correspondan en «Días propios».
A39: © 2026 AI Chef Pro · aichef.pro

Sheet Cobertura
A1: Plan de Cobertura durante Vacaciones
A2: AI Chef Pro · aichef.pro — Kit Gestión de Personal y Turnos
A3: Máximo de ausencias simultáneas por semana: | B3: 4 | C3: Máximo en TEMPORADA ALTA: | D3: 1
A4: PERSONAL MÍNIMO POR TURNO
A5: Turno | B5: Mínimo Personal | C5: Cocina | D5: Sala | E5: Barra
A6: M · Mañana | B6: =IF(COUNT($C6:$E6)=0,"",$C6+$D6+$E6) -> 4 | C6: 2 | D6: 2 | E6: 0
A7: T · Tarde | B7: =IF(COUNT($C7:$E7)=0,"",$C7+$D7+$E7) -> 5 | C7: 2 | D7: 2 | E7: 1
A8: N · Noche (cierre) | B8: =IF(COUNT($C8:$E8)=0,"",$C8+$D8+$E8) -> 2 | C8: 1 | D8: 1 | E8: 0
A9: ▸ Por encima del máximo de B3 la fila «Cobertura» del calendario salta en ámbar; en temporada alta el umbral es el de D3. Los mínimos por turno son los que calculan el fichero 03 y el BONUS-02 para el caso por defecto (5 personas por servicio): son un punto de partida, ajústalos a tu carta. Y no son decorativos: el último indicador de abajo cuenta las semanas en que la plantilla disponible no llega al turno más exigente.
A10: COBERTURA: QUIÉN SUSTITUYE A QUIÉN
A11: Empleado Ausente | B11: Puesto | C11: Sustituto 1 | D11: Sustituto 2 | E11: Notas | F11: Días pendientes | G11: Aviso
F12: =IFERROR(IF($A12="","",INDEX('Saldo Vacaciones'!$H$5:$H$34,MATCH($A12,'Saldo Vacaciones'!$A$5:$A$34,0))),"") | G12: =IF($A12="","",IF(COUNTIF('Calendario Anual'!$A$6:$A$35,$A12&"")=0,"⚠ ese nombre no está en el calendario",""))
F13: =IFERROR(IF($A13="","",INDEX('Saldo Vacaciones'!$H$5:$H$34,MATCH($A13,'Saldo Vacaciones'!$A$5:$A$34,0))),"") | G13: =IF($A13="","",IF(COUNTIF('Calendario Anual'!$A$6:$A$35,$A13&"")=0,"⚠ ese nombre no está en el calendario",""))
F14: =IFERROR(IF($A14="","",INDEX('Saldo Vacaciones'!$H$5:$H$34,MATCH($A14,'Saldo Vacaciones'!$A$5:$A$34,0))),"") | G14: =IF($A14="","",IF(COUNTIF('Calendario Anual'!$A$6:$A$35,$A14&"")=0,"⚠ ese nombre no está en el calendario",""))
F15: =IFERROR(IF($A15="","",INDEX('Saldo Vacaciones'!$H$5:$H$34,MATCH($A15,'Saldo Vacaciones'!$A$5:$A$34,0))),"") | G15: =IF($A15="","",IF(COUNTIF('Calendario Anual'!$A$6:$A$35,$A15&"")=0,"⚠ ese nombre no está en el calendario",""))
F16: =IFERROR(IF($A16="","",INDEX('Saldo Vacaciones'!$H$5:$H$34,MATCH($A16,'Saldo Vacaciones'!$A$5:$A$34,0))),"") | G16: =IF($A16="","",IF(COUNTIF('Calendario Anual'!$A$6:$A$35,$A16&"")=0,"⚠ ese nombre no está en el calendario",""))
F17: =IFERROR(IF($A17="","",INDEX('Saldo Vacaciones'!$H$5:$H$34,MATCH($A17,'Saldo Vacaciones'!$A$5:$A$34,0))),"") | G17: =IF($A17="","",IF(COUNTIF('Calendario Anual'!$A$6:$A$35,$A17&"")=0,"⚠ ese nombre no está en el calendario",""))
F18: =IFERROR(IF($A18="","",INDEX('Saldo Vacaciones'!$H$5:$H$34,MATCH($A18,'Saldo Vacaciones'!$A$5:$A$34,0))),"") | G18: =IF($A18="","",IF(COUNTIF('Calendario Anual'!$A$6:$A$35,$A18&"")=0,"⚠ ese nombre no está en el calendario",""))
F19: =IFERROR(IF($A19="","",INDEX('Saldo Vacaciones'!$H$5:$H$34,MATCH($A19,'Saldo Vacaciones'!$A$5:$A$34,0))),"") | G19: =IF($A19="","",IF(COUNTIF('Calendario Anual'!$A$6:$A$35,$A19&"")=0,"⚠ ese nombre no está en el calendario",""))
F20: =IFERROR(IF($A20="","",INDEX('Saldo Vacaciones'!$H$5:$H$34,MATCH($A20,'Saldo Vacaciones'!$A$5:$A$34,0))),"") | G20: =IF($A20="","",IF(COUNTIF('Calendario Anual'!$A$6:$A$35,$A20&"")=0,"⚠ ese nombre no está en el calendario",""))
F21: =IFERROR(IF($A21="","",INDEX('Saldo Vacaciones'!$H$5:$H$34,MATCH($A21,'Saldo Vacaciones'!$A$5:$A$34,0))),"") | G21: =IF($A21="","",IF(COUNTIF('Calendario Anual'!$A$6:$A$35,$A21&"")=0,"⚠ ese nombre no está en el calendario",""))
F22: =IFERROR(IF($A22="","",INDEX('Saldo Vacaciones'!$H$5:$H$34,MATCH($A22,'Saldo Vacaciones'!$A$5:$A$34,0))),"") | G22: =IF($A22="","",IF(COUNTIF('Calendario Anual'!$A$6:$A$35,$A22&"")=0,"⚠ ese nombre no está en el calendario",""))
F23: =IFERROR(IF($A23="","",INDEX('Saldo Vacaciones'!$H$5:$H$34,MATCH($A23,'Saldo Vacaciones'!$A$5:$A$34,0))),"") | G23: =IF($A23="","",IF(COUNTIF('Calendario Anual'!$A$6:$A$35,$A23&"")=0,"⚠ ese nombre no está en el calendario",""))
... F41: =IFERROR(IF($A41="","",INDEX('Saldo Vacaciones'!$H$5:$H$34,MATCH($A41,'Saldo Vacaciones'!$A$5:$A$34,0))),"") | G41: =IF($A41="","",IF(COUNTIF('Calendario Anual'!$A$6:$A$35,$A41&"")=0,"⚠ ese nombre no está en el calendario",""))
A43: INDICADORES DE COBERTURA
A44: Plantilla total en el calendario: | B44: =COUNTIF('Calendario Anual'!$A$6:$A$35,"?*") -> 0
A45: Pico de ausencias simultáneas (peor semana): | B45: =MAX('Calendario Anual'!$B$39:$BB$39) -> 0
A46: Semanas por encima de tu máximo: | B46: =COUNTIF('Calendario Anual'!$B$39:$BB$39,">"&$B$3) -> 0
A47: Semanas de temporada alta con alguien ausente: | B47: =SUMPRODUCT(('Calendario Anual'!$B$36:$BB$36="Alta")*('Calendario Anual'!$B$39:$BB$39>0)) -> 0
A48: Semanas en que NO se cubre el turno más exigente (plantilla − ausencias < mínimo): | B48: =IF($B$44=0,"",SUMPRODUCT((($B$44-'Calendario Anual'!$B$39:$BB$39)<MAX($B$6:$B$8))*1))
A50: ▸ Los indicadores leen la fila «Ausencias en la semana» del Calendario Anual, que ahora es la MAYOR de dos cuentas: lo que hayas pintado a mano en la rejilla (V, B y PE) y lo que sale solo de las solicitudes APROBADAS. Trabajes con la rejilla o con las solicitudes, la cobertura se entera.
A52: © 2026 AI Chef Pro · aichef.pro
