Workbook

Sheet Instrucciones
B2: 07 · Directorio de Plantilla
B4: Cómo usar esta plantilla:
B5: ▸ Registra todos los datos de cada empleado en la hoja 'Plantilla'.
B6: ▸ Usa filtros de Excel para buscar por puesto, tipo de contrato, etc.
B7: ▸ La hoja 'Vencimientos' te alerta de contratos a punto de expirar.
B9: Datos incluidos:
B10: ▸ Datos personales: nombre, DNI/NIE, teléfono, email, contacto emergencia.
B11: ▸ Datos laborales: puesto, contrato, fecha alta, jornada, salario.
B12: ▸ Datos operativos: talla uniforme, taquilla, alérgenos propios.
B14: Protección de datos (RGPD):
B15: ▸ Este archivo contiene datos personales — proteger con contraseña.
B16: ▸ Solo acceso para RRHH y dirección.
... B19: Versión 1.1 · agosto 2026 · aichef.pro/kit-gestion-personal · info@aichef.pro

Sheet Plantilla
A1: Directorio de Plantilla
A2: AI Chef Pro · aichef.pro — Kit Gestión de Personal y Turnos
A4: Nombre Completo | B4: DNI / NIE | C4: Puesto | D4: Tipo Contrato | E4: Fecha Alta | F4: Fecha Fin Contrato | G4: Jornada | H4: Horas Semanales | I4: Salario Bruto Anual | J4: Teléfono | K4: Email | L4: Contacto Emergencia | M4: Alérgenos Propios | N4: Talla Uniforme | O4: Taquilla
A36: © 2026 AI Chef Pro · aichef.pro

Sheet Vencimientos
A1: Alertas de Vencimientos
A2: AI Chef Pro · aichef.pro — Kit Gestión de Personal y Turnos
A3: Fecha de hoy: | B3: =TODAY() -> 46256
A5: CONTRATOS A EXPIRAR
A6: Empleado | B6: Tipo Contrato | C6: Fecha Fin | D6: Días Restantes | E6: Alerta
A7: =IF(Plantilla!A5<>"",Plantilla!A5,"") | B7: =IF(Plantilla!D5<>"",Plantilla!D5,"") | C7: =IF(Plantilla!F5<>"",Plantilla!F5,"") | D7: =IF(C7<>"",C7-$B$3,"") | E7: =IF(D7="","",IF(D7<=0,"❌ VENCIDO",IF(D7<=30,"🔴 <30 días",IF(D7<=60,"🟡 <60 días",IF(D7<=90,"🟢 <90 días","OK")))))
A8: =IF(Plantilla!A6<>"",Plantilla!A6,"") | B8: =IF(Plantilla!D6<>"",Plantilla!D6,"") | C8: =IF(Plantilla!F6<>"",Plantilla!F6,"") | D8: =IF(C8<>"",C8-$B$3,"") | E8: =IF(D8="","",IF(D8<=0,"❌ VENCIDO",IF(D8<=30,"🔴 <30 días",IF(D8<=60,"🟡 <60 días",IF(D8<=90,"🟢 <90 días","OK")))))
A9: =IF(Plantilla!A7<>"",Plantilla!A7,"") | B9: =IF(Plantilla!D7<>"",Plantilla!D7,"") | C9: =IF(Plantilla!F7<>"",Plantilla!F7,"") | D9: =IF(C9<>"",C9-$B$3,"") | E9: =IF(D9="","",IF(D9<=0,"❌ VENCIDO",IF(D9<=30,"🔴 <30 días",IF(D9<=60,"🟡 <60 días",IF(D9<=90,"🟢 <90 días","OK")))))
A10: =IF(Plantilla!A8<>"",Plantilla!A8,"") | B10: =IF(Plantilla!D8<>"",Plantilla!D8,"") | C10: =IF(Plantilla!F8<>"",Plantilla!F8,"") | D10: =IF(C10<>"",C10-$B$3,"") | E10: =IF(D10="","",IF(D10<=0,"❌ VENCIDO",IF(D10<=30,"🔴 <30 días",IF(D10<=60,"🟡 <60 días",IF(D10<=90,"🟢 <90 días","OK")))))
A11: =IF(Plantilla!A9<>"",Plantilla!A9,"") | B11: =IF(Plantilla!D9<>"",Plantilla!D9,"") | C11: =IF(Plantilla!F9<>"",Plantilla!F9,"") | D11: =IF(C11<>"",C11-$B$3,"") | E11: =IF(D11="","",IF(D11<=0,"❌ VENCIDO",IF(D11<=30,"🔴 <30 días",IF(D11<=60,"🟡 <60 días",IF(D11<=90,"🟢 <90 días","OK")))))
A12: =IF(Plantilla!A10<>"",Plantilla!A10,"") | B12: =IF(Plantilla!D10<>"",Plantilla!D10,"") | C12: =IF(Plantilla!F10<>"",Plantilla!F10,"") | D12: =IF(C12<>"",C12-$B$3,"") | E12: =IF(D12="","",IF(D12<=0,"❌ VENCIDO",IF(D12<=30,"🔴 <30 días",IF(D12<=60,"🟡 <60 días",IF(D12<=90,"🟢 <90 días","OK")))))
A13: =IF(Plantilla!A11<>"",Plantilla!A11,"") | B13: =IF(Plantilla!D11<>"",Plantilla!D11,"") | C13: =IF(Plantilla!F11<>"",Plantilla!F11,"") | D13: =IF(C13<>"",C13-$B$3,"") | E13: =IF(D13="","",IF(D13<=0,"❌ VENCIDO",IF(D13<=30,"🔴 <30 días",IF(D13<=60,"🟡 <60 días",IF(D13<=90,"🟢 <90 días","OK")))))
A14: =IF(Plantilla!A12<>"",Plantilla!A12,"") | B14: =IF(Plantilla!D12<>"",Plantilla!D12,"") | C14: =IF(Plantilla!F12<>"",Plantilla!F12,"") | D14: =IF(C14<>"",C14-$B$3,"") | E14: =IF(D14="","",IF(D14<=0,"❌ VENCIDO",IF(D14<=30,"🔴 <30 días",IF(D14<=60,"🟡 <60 días",IF(D14<=90,"🟢 <90 días","OK")))))
A15: =IF(Plantilla!A13<>"",Plantilla!A13,"") | B15: =IF(Plantilla!D13<>"",Plantilla!D13,"") | C15: =IF(Plantilla!F13<>"",Plantilla!F13,"") | D15: =IF(C15<>"",C15-$B$3,"") | E15: =IF(D15="","",IF(D15<=0,"❌ VENCIDO",IF(D15<=30,"🔴 <30 días",IF(D15<=60,"🟡 <60 días",IF(D15<=90,"🟢 <90 días","OK")))))
A16: =IF(Plantilla!A14<>"",Plantilla!A14,"") | B16: =IF(Plantilla!D14<>"",Plantilla!D14,"") | C16: =IF(Plantilla!F14<>"",Plantilla!F14,"") | D16: =IF(C16<>"",C16-$B$3,"") | E16: =IF(D16="","",IF(D16<=0,"❌ VENCIDO",IF(D16<=30,"🔴 <30 días",IF(D16<=60,"🟡 <60 días",IF(D16<=90,"🟢 <90 días","OK")))))
A17: =IF(Plantilla!A15<>"",Plantilla!A15,"") | B17: =IF(Plantilla!D15<>"",Plantilla!D15,"") | C17: =IF(Plantilla!F15<>"",Plantilla!F15,"") | D17: =IF(C17<>"",C17-$B$3,"") | E17: =IF(D17="","",IF(D17<=0,"❌ VENCIDO",IF(D17<=30,"🔴 <30 días",IF(D17<=60,"🟡 <60 días",IF(D17<=90,"🟢 <90 días","OK")))))
A18: =IF(Plantilla!A16<>"",Plantilla!A16,"") | B18: =IF(Plantilla!D16<>"",Plantilla!D16,"") | C18: =IF(Plantilla!F16<>"",Plantilla!F16,"") | D18: =IF(C18<>"",C18-$B$3,"") | E18: =IF(D18="","",IF(D18<=0,"❌ VENCIDO",IF(D18<=30,"🔴 <30 días",IF(D18<=60,"🟡 <60 días",IF(D18<=90,"🟢 <90 días","OK")))))
... A21: =IF(Plantilla!A19<>"",Plantilla!A19,"") | B21: =IF(Plantilla!D19<>"",Plantilla!D19,"") | C21: =IF(Plantilla!F19<>"",Plantilla!F19,"") | D21: =IF(C21<>"",C21-$B$3,"") | E21: =IF(D21="","",IF(D21<=0,"❌ VENCIDO",IF(D21<=30,"🔴 <30 días",IF(D21<=60,"🟡 <60 días",IF(D21<=90,"🟢 <90 días","OK")))))
A24: CARNETS Y CERTIFICADOS A RENOVAR
A25: Empleado | B25: Certificado | C25: Fecha Caducidad | D25: Días Restantes | E25: Alerta
D26: =IF(C26<>"",C26-$B$3,"") | E26: =IF(D26="","",IF(D26<=0,"❌ VENCIDO",IF(D26<=30,"🔴 URGENTE",IF(D26<=60,"🟡 PRONTO","✓ OK"))))
D27: =IF(C27<>"",C27-$B$3,"") | E27: =IF(D27="","",IF(D27<=0,"❌ VENCIDO",IF(D27<=30,"🔴 URGENTE",IF(D27<=60,"🟡 PRONTO","✓ OK"))))
D28: =IF(C28<>"",C28-$B$3,"") | E28: =IF(D28="","",IF(D28<=0,"❌ VENCIDO",IF(D28<=30,"🔴 URGENTE",IF(D28<=60,"🟡 PRONTO","✓ OK"))))
D29: =IF(C29<>"",C29-$B$3,"") | E29: =IF(D29="","",IF(D29<=0,"❌ VENCIDO",IF(D29<=30,"🔴 URGENTE",IF(D29<=60,"🟡 PRONTO","✓ OK"))))
D30: =IF(C30<>"",C30-$B$3,"") | E30: =IF(D30="","",IF(D30<=0,"❌ VENCIDO",IF(D30<=30,"🔴 URGENTE",IF(D30<=60,"🟡 PRONTO","✓ OK"))))
D31: =IF(C31<>"",C31-$B$3,"") | E31: =IF(D31="","",IF(D31<=0,"❌ VENCIDO",IF(D31<=30,"🔴 URGENTE",IF(D31<=60,"🟡 PRONTO","✓ OK"))))
D32: =IF(C32<>"",C32-$B$3,"") | E32: =IF(D32="","",IF(D32<=0,"❌ VENCIDO",IF(D32<=30,"🔴 URGENTE",IF(D32<=60,"🟡 PRONTO","✓ OK"))))
D33: =IF(C33<>"",C33-$B$3,"") | E33: =IF(D33="","",IF(D33<=0,"❌ VENCIDO",IF(D33<=30,"🔴 URGENTE",IF(D33<=60,"🟡 PRONTO","✓ OK"))))
D34: =IF(C34<>"",C34-$B$3,"") | E34: =IF(D34="","",IF(D34<=0,"❌ VENCIDO",IF(D34<=30,"🔴 URGENTE",IF(D34<=60,"🟡 PRONTO","✓ OK"))))
D35: =IF(C35<>"",C35-$B$3,"") | E35: =IF(D35="","",IF(D35<=0,"❌ VENCIDO",IF(D35<=30,"🔴 URGENTE",IF(D35<=60,"🟡 PRONTO","✓ OK"))))
A38: © 2026 AI Chef Pro · aichef.pro
