Workbook

Sheet Instructions
B2: 05 · PTO & Vacation Planner
B4: How to use this template:
B5: ▸ Type the names once, in column A of the "Annual Calendar". The other tabs read them from there.
B6: ▸ The grid is by WEEK, not by month: row 4 numbers the 53 weeks of the year and row 5 shows the first day (Sunday) of each one. Change the Sunday of week 1 (green cell B5) and the other 52 recalculate on their own — and with them the year in the title and the two dates on the "PTO Balance" tab. The file comes set up for the year 2027: if you are planning another, change that cell and the whole workbook moves.
B7: ▸ Absence codes: V=Vacation/PTO · S=Sick · H=Holiday · L=Other leave. They are single letters on purpose: the columns are narrow. In the schedule (file 01 (Restaurant Schedule Template: Weekly & Monthly Staff Rota)) a day off is OFF.
B8: ▸ Log each request in "PTO Requests" with its start and end dates. Days are counted AUTOMATICALLY and the sheet warns you if the dates are reversed. That tab is indexed by REQUEST, not by person: it holds 150 requests, about five per employee, because nobody takes all their days in one go.
B9: ▸ The real balance lives in "PTO Balance": annual entitlement, days taken, pending and what each person has left. It also subtracts pending requests, so you do not approve the same days twice. And it only counts THIS year's requests, so the same workbook works for several years without two years of PTO coming off the same entitlement.
B10: ▸ Also fill in the "Separation / end date" of anyone who will not reach year-end: the entitlement is prorated at BOTH ends, and that number is what goes into the final paycheck (some states require accrued PTO to be paid out; California does, Labor Code §227.3). A seasonal worker from January to June earns 7 days, not 14.
B11: ▸ In "Coverage" you set the minimum staff per shift, the maximum absences you can handle at once and your own maximum for high season. With that, the "Coverage (alert)" row of the calendar warns you week by week: it first checks whether you exceed the maximum, and high season makes the warning stronger rather than replacing it.
B12: ▸ The absence row of the calendar is the HIGHER of two counts: what you marked by hand in the grid (V, S and L — paid leave has to be covered too) and what comes automatically from APPROVED requests. Whether you work from the grid or from the requests, coverage knows.
B14: Why the calendar counts weeks, not months:
B15: ▸ A calendar with one box per MONTH would show someone who takes all of August as 1 day used and 13 left. Here the "Days Used" column adds up the DAYS of that person's approved requests: the grid lets you SEE the year at a glance, and the requests are the source of the count.
... B36: Version 2.0 · October 2026 · aichef.pro/en/digital-products/restaurant-schedule-templates · info@aichef.pro

Sheet Annual Calendar
A1: ="PTO & Vacation Calendar — Year "&TEXT(YEAR($B$5),"0") -> PTO & Vacation Calendar — Year 2027
A2: AI Chef Pro · aichef.pro — Restaurant Staff Scheduling Kit Pro
A3: Codes: | B3: V=Vacation/PTO | C3: S=Sick | D3: H=Holiday | E3: L=Other leave
A4: Week # | B4: 1 | C4: 2 | D4: 3 | E4: 4 | F4: 5 | G4: 6 | H4: 7 | I4: 8 | J4: 9 | K4: 10 | L4: 11 | M4: 12 | N4: 13 | O4: 14 | P4: 15 | Q4: 16 | R4: 17 | S4: 18 | T4: 19 | U4: 20 | V4: 21 | W4: 22 | X4: 23 | Y4: 24 | Z4: 25 | AA4: 26 | AB4: 27 | AC4: 28 | AD4: 29 | AE4: 30 | AF4: 31 | AG4: 32 | AH4: 33 | AI4: 34 | AJ4: 35 | AK4: 36 | AL4: 37 | AM4: 38 | AN4: 39 | AO4: 40 | AP4: 41 | AQ4: 42 | AR4: 43 | AS4: 44 | AT4: 45 | AU4: 46 | AV4: 47 | AW4: 48 | AX4: 49 | AY4: 50 | AZ4: 51 | BA4: 52 | BB4: 53
A5: Week 1 starts on (Sunday) → | B5: 46390 | C5: =B5+7 -> 46397 | D5: =C5+7 -> 46404 | E5: =D5+7 -> 46411 | F5: =E5+7 -> 46418 | G5: =F5+7 -> 46425 | H5: =G5+7 -> 46432 | I5: =H5+7 -> 46439 | J5: =I5+7 -> 46446 | ... BB5: =BA5+7 -> 46754 | BC5: Days Used
BC6: =IF($A6="","",SUMIFS('PTO Requests'!$D$5:$D$154,'PTO Requests'!$A$5:$A$154,$A6&"",'PTO Requests'!$G$5:$G$154,"Approved",'PTO Requests'!$B$5:$B$154,">="&'PTO Balance'!$E$2,'PTO Requests'!$B$5:$B$154,"<="&'PTO Balance'!$G$2))
BC7: =IF($A7="","",SUMIFS('PTO Requests'!$D$5:$D$154,'PTO Requests'!$A$5:$A$154,$A7&"",'PTO Requests'!$G$5:$G$154,"Approved",'PTO Requests'!$B$5:$B$154,">="&'PTO Balance'!$E$2,'PTO Requests'!$B$5:$B$154,"<="&'PTO Balance'!$G$2))
BC8: =IF($A8="","",SUMIFS('PTO Requests'!$D$5:$D$154,'PTO Requests'!$A$5:$A$154,$A8&"",'PTO Requests'!$G$5:$G$154,"Approved",'PTO Requests'!$B$5:$B$154,">="&'PTO Balance'!$E$2,'PTO Requests'!$B$5:$B$154,"<="&'PTO Balance'!$G$2))
BC9: =IF($A9="","",SUMIFS('PTO Requests'!$D$5:$D$154,'PTO Requests'!$A$5:$A$154,$A9&"",'PTO Requests'!$G$5:$G$154,"Approved",'PTO Requests'!$B$5:$B$154,">="&'PTO Balance'!$E$2,'PTO Requests'!$B$5:$B$154,"<="&'PTO Balance'!$G$2))
BC10: =IF($A10="","",SUMIFS('PTO Requests'!$D$5:$D$154,'PTO Requests'!$A$5:$A$154,$A10&"",'PTO Requests'!$G$5:$G$154,"Approved",'PTO Requests'!$B$5:$B$154,">="&'PTO Balance'!$E$2,'PTO Requests'!$B$5:$B$154,"<="&'PTO Balance'!$G$2))
BC11: =IF($A11="","",SUMIFS('PTO Requests'!$D$5:$D$154,'PTO Requests'!$A$5:$A$154,$A11&"",'PTO Requests'!$G$5:$G$154,"Approved",'PTO Requests'!$B$5:$B$154,">="&'PTO Balance'!$E$2,'PTO Requests'!$B$5:$B$154,"<="&'PTO Balance'!$G$2))
BC12: =IF($A12="","",SUMIFS('PTO Requests'!$D$5:$D$154,'PTO Requests'!$A$5:$A$154,$A12&"",'PTO Requests'!$G$5:$G$154,"Approved",'PTO Requests'!$B$5:$B$154,">="&'PTO Balance'!$E$2,'PTO Requests'!$B$5:$B$154,"<="&'PTO Balance'!$G$2))
BC13: =IF($A13="","",SUMIFS('PTO Requests'!$D$5:$D$154,'PTO Requests'!$A$5:$A$154,$A13&"",'PTO Requests'!$G$5:$G$154,"Approved",'PTO Requests'!$B$5:$B$154,">="&'PTO Balance'!$E$2,'PTO Requests'!$B$5:$B$154,"<="&'PTO Balance'!$G$2))
BC14: =IF($A14="","",SUMIFS('PTO Requests'!$D$5:$D$154,'PTO Requests'!$A$5:$A$154,$A14&"",'PTO Requests'!$G$5:$G$154,"Approved",'PTO Requests'!$B$5:$B$154,">="&'PTO Balance'!$E$2,'PTO Requests'!$B$5:$B$154,"<="&'PTO Balance'!$G$2))
BC15: =IF($A15="","",SUMIFS('PTO Requests'!$D$5:$D$154,'PTO Requests'!$A$5:$A$154,$A15&"",'PTO Requests'!$G$5:$G$154,"Approved",'PTO Requests'!$B$5:$B$154,">="&'PTO Balance'!$E$2,'PTO Requests'!$B$5:$B$154,"<="&'PTO Balance'!$G$2))
BC16: =IF($A16="","",SUMIFS('PTO Requests'!$D$5:$D$154,'PTO Requests'!$A$5:$A$154,$A16&"",'PTO Requests'!$G$5:$G$154,"Approved",'PTO Requests'!$B$5:$B$154,">="&'PTO Balance'!$E$2,'PTO Requests'!$B$5:$B$154,"<="&'PTO Balance'!$G$2))
BC17: =IF($A17="","",SUMIFS('PTO Requests'!$D$5:$D$154,'PTO Requests'!$A$5:$A$154,$A17&"",'PTO Requests'!$G$5:$G$154,"Approved",'PTO Requests'!$B$5:$B$154,">="&'PTO Balance'!$E$2,'PTO Requests'!$B$5:$B$154,"<="&'PTO Balance'!$G$2))
... BC35: =IF($A35="","",SUMIFS('PTO Requests'!$D$5:$D$154,'PTO Requests'!$A$5:$A$154,$A35&"",'PTO Requests'!$G$5:$G$154,"Approved",'PTO Requests'!$B$5:$B$154,">="&'PTO Balance'!$E$2,'PTO Requests'!$B$5:$B$154,"<="&'PTO Balance'!$G$2))
A36: Season (High / Normal) | B36: Normal | C36: Normal | D36: Normal | E36: Normal | F36: Normal | G36: Normal | H36: Normal | I36: Normal | J36: Normal | K36: Normal | L36: Normal | M36: Normal | N36: Normal | O36: Normal | P36: Normal | Q36: Normal | R36: Normal | S36: Normal | T36: Normal | U36: Normal | V36: Normal | W36: Normal | X36: Normal | Y36: Normal | Z36: Normal | AA36: Normal | AB36: High | AC36: High | AD36: High | AE36: High | AF36: High | AG36: High | AH36: High | AI36: High | AJ36: High | AK36: Normal | AL36: Normal | AM36: Normal | AN36: Normal | AO36: Normal | AP36: Normal | AQ36: Normal | AR36: Normal | AS36: Normal | AT36: Normal | AU36: Normal | AV36: Normal | AW36: Normal | AX36: Normal | AY36: Normal | AZ36: High | BA36: High | BB36: Normal
A37: Absences marked in the grid (V, S, L) | B37: =COUNTIF(B$6:B$35,"V")+COUNTIF(B$6:B$35,"S")+COUNTIF(B$6:B$35,"L") -> 0 | C37: =COUNTIF(C$6:C$35,"V")+COUNTIF(C$6:C$35,"S")+COUNTIF(C$6:C$35,"L") -> 0 | D37: =COUNTIF(D$6:D$35,"V")+COUNTIF(D$6:D$35,"S")+COUNTIF(D$6:D$35,"L") -> 0 | E37: =COUNTIF(E$6:E$35,"V")+COUNTIF(E$6:E$35,"S")+COUNTIF(E$6:E$35,"L") -> 0 | F37: =COUNTIF(F$6:F$35,"V")+COUNTIF(F$6:F$35,"S")+COUNTIF(F$6:F$35,"L") -> 0 | G37: =COUNTIF(G$6:G$35,"V")+COUNTIF(G$6:G$35,"S")+COUNTIF(G$6:G$35,"L") -> 0 | H37: =COUNTIF(H$6:H$35,"V")+COUNTIF(H$6:H$35,"S")+COUNTIF(H$6:H$35,"L") -> 0 | I37: =COUNTIF(I$6:I$35,"V")+COUNTIF(I$6:I$35,"S")+COUNTIF(I$6:I$35,"L") -> 0 | ... BB37: =COUNTIF(BB$6:BB$35,"V")+COUNTIF(BB$6:BB$35,"S")+COUNTIF(BB$6:BB$35,"L") -> 0
A38: Absences from APPROVED requests | B38: =SUMPRODUCT(('PTO Requests'!$A$5:$A$154<>"")*('PTO Requests'!$G$5:$G$154="Approved")*('PTO Requests'!$B$5:$B$154<=B$5+6)*('PTO Requests'!$C$5:$C$154>=B$5)) -> 0 | C38: =SUMPRODUCT(('PTO Requests'!$A$5:$A$154<>"")*('PTO Requests'!$G$5:$G$154="Approved")*('PTO Requests'!$B$5:$B$154<=C$5+6)*('PTO Requests'!$C$5:$C$154>=C$5)) -> 0 | D38: =SUMPRODUCT(('PTO Requests'!$A$5:$A$154<>"")*('PTO Requests'!$G$5:$G$154="Approved")*('PTO Requests'!$B$5:$B$154<=D$5+6)*('PTO Requests'!$C$5:$C$154>=D$5)) -> 0 | E38: =SUMPRODUCT(('PTO Requests'!$A$5:$A$154<>"")*('PTO Requests'!$G$5:$G$154="Approved")*('PTO Requests'!$B$5:$B$154<=E$5+6)*('PTO Requests'!$C$5:$C$154>=E$5)) -> 0 | F38: =SUMPRODUCT(('PTO Requests'!$A$5:$A$154<>"")*('PTO Requests'!$G$5:$G$154="Approved")*('PTO Requests'!$B$5:$B$154<=F$5+6)*('PTO Requests'!$C$5:$C$154>=F$5)) -> 0 | G38: =SUMPRODUCT(('PTO Requests'!$A$5:$A$154<>"")*('PTO Requests'!$G$5:$G$154="Approved")*('PTO Requests'!$B$5:$B$154<=G$5+6)*('PTO Requests'!$C$5:$C$154>=G$5)) -> 0 | H38: =SUMPRODUCT(('PTO Requests'!$A$5:$A$154<>"")*('PTO Requests'!$G$5:$G$154="Approved")*('PTO Requests'!$B$5:$B$154<=H$5+6)*('PTO Requests'!$C$5:$C$154>=H$5)) -> 0 | I38: =SUMPRODUCT(('PTO Requests'!$A$5:$A$154<>"")*('PTO Requests'!$G$5:$G$154="Approved")*('PTO Requests'!$B$5:$B$154<=I$5+6)*('PTO Requests'!$C$5:$C$154>=I$5)) -> 0 | ... BB38: =SUMPRODUCT(('PTO Requests'!$A$5:$A$154<>"")*('PTO Requests'!$G$5:$G$154="Approved")*('PTO Requests'!$B$5:$B$154<=BB$5+6)*('PTO Requests'!$C$5:$C$154>=BB$5)) -> 0
A39: Absences in the week (the higher of the two) | B39: =IF(B$37>B$38,B$37,B$38) -> 0 | C39: =IF(C$37>C$38,C$37,C$38) -> 0 | D39: =IF(D$37>D$38,D$37,D$38) -> 0 | E39: =IF(E$37>E$38,E$37,E$38) -> 0 | F39: =IF(F$37>F$38,F$37,F$38) -> 0 | G39: =IF(G$37>G$38,G$37,G$38) -> 0 | H39: =IF(H$37>H$38,H$37,H$38) -> 0 | I39: =IF(I$37>I$38,I$37,I$38) -> 0 | ... BB39: =IF(BB$37>BB$38,BB$37,BB$38) -> 0
A40: Coverage (alert) | B40: =IF(B$39=0,"",IF(B$39>Coverage!$B$3,IF(B$36="High","⛔ EXCESS in HIGH SEASON","⚠ EXCESS"),IF(AND(B$36="High",B$39>Coverage!$D$3),"⛔ HIGH SEASON",""))) | C40: =IF(C$39=0,"",IF(C$39>Coverage!$B$3,IF(C$36="High","⛔ EXCESS in HIGH SEASON","⚠ EXCESS"),IF(AND(C$36="High",C$39>Coverage!$D$3),"⛔ HIGH SEASON",""))) | D40: =IF(D$39=0,"",IF(D$39>Coverage!$B$3,IF(D$36="High","⛔ EXCESS in HIGH SEASON","⚠ EXCESS"),IF(AND(D$36="High",D$39>Coverage!$D$3),"⛔ HIGH SEASON",""))) | E40: =IF(E$39=0,"",IF(E$39>Coverage!$B$3,IF(E$36="High","⛔ EXCESS in HIGH SEASON","⚠ EXCESS"),IF(AND(E$36="High",E$39>Coverage!$D$3),"⛔ HIGH SEASON",""))) | F40: =IF(F$39=0,"",IF(F$39>Coverage!$B$3,IF(F$36="High","⛔ EXCESS in HIGH SEASON","⚠ EXCESS"),IF(AND(F$36="High",F$39>Coverage!$D$3),"⛔ HIGH SEASON",""))) | G40: =IF(G$39=0,"",IF(G$39>Coverage!$B$3,IF(G$36="High","⛔ EXCESS in HIGH SEASON","⚠ EXCESS"),IF(AND(G$36="High",G$39>Coverage!$D$3),"⛔ HIGH SEASON",""))) | H40: =IF(H$39=0,"",IF(H$39>Coverage!$B$3,IF(H$36="High","⛔ EXCESS in HIGH SEASON","⚠ EXCESS"),IF(AND(H$36="High",H$39>Coverage!$D$3),"⛔ HIGH SEASON",""))) | I40: =IF(I$39=0,"",IF(I$39>Coverage!$B$3,IF(I$36="High","⛔ EXCESS in HIGH SEASON","⚠ EXCESS"),IF(AND(I$36="High",I$39>Coverage!$D$3),"⛔ HIGH SEASON",""))) | ... BB40: =IF(BB$39=0,"",IF(BB$39>Coverage!$B$3,IF(BB$36="High","⛔ EXCESS in HIGH SEASON","⚠ EXCESS"),IF(AND(BB$36="High",BB$39>Coverage!$D$3),"⛔ HIGH SEASON","")))
A42: © 2026 AI Chef Pro · aichef.pro

Sheet PTO Requests
A1: PTO & Vacation Requests
A2: AI Chef Pro · aichef.pro — Restaurant Staff Scheduling Kit Pro
A4: Employee | B4: Start date | C4: End date | D4: Days requested | E4: Already taken | F4: Days left | G4: Status | H4: Alert
D5: =IF(OR($B5="",$C5=""),"",IF($C5<$B5,"⚠ dates reversed",$C5-$B5+1)) | E5: =IFERROR(IF($A5="","",INDEX('PTO Balance'!$F$5:$F$34,MATCH($A5,'PTO Balance'!$A$5:$A$34,0))),"") | F5: =IFERROR(IF($A5="","",INDEX('PTO Balance'!$H$5:$H$34,MATCH($A5,'PTO Balance'!$A$5:$A$34,0))),"") | H5: =IF($A5="","",IF(COUNTIF('Annual Calendar'!$A$6:$A$35,$A5&"")=0,"⚠ name not in the calendar",""))
D6: =IF(OR($B6="",$C6=""),"",IF($C6<$B6,"⚠ dates reversed",$C6-$B6+1)) | E6: =IFERROR(IF($A6="","",INDEX('PTO Balance'!$F$5:$F$34,MATCH($A6,'PTO Balance'!$A$5:$A$34,0))),"") | F6: =IFERROR(IF($A6="","",INDEX('PTO Balance'!$H$5:$H$34,MATCH($A6,'PTO Balance'!$A$5:$A$34,0))),"") | H6: =IF($A6="","",IF(COUNTIF('Annual Calendar'!$A$6:$A$35,$A6&"")=0,"⚠ name not in the calendar",""))
D7: =IF(OR($B7="",$C7=""),"",IF($C7<$B7,"⚠ dates reversed",$C7-$B7+1)) | E7: =IFERROR(IF($A7="","",INDEX('PTO Balance'!$F$5:$F$34,MATCH($A7,'PTO Balance'!$A$5:$A$34,0))),"") | F7: =IFERROR(IF($A7="","",INDEX('PTO Balance'!$H$5:$H$34,MATCH($A7,'PTO Balance'!$A$5:$A$34,0))),"") | H7: =IF($A7="","",IF(COUNTIF('Annual Calendar'!$A$6:$A$35,$A7&"")=0,"⚠ name not in the calendar",""))
D8: =IF(OR($B8="",$C8=""),"",IF($C8<$B8,"⚠ dates reversed",$C8-$B8+1)) | E8: =IFERROR(IF($A8="","",INDEX('PTO Balance'!$F$5:$F$34,MATCH($A8,'PTO Balance'!$A$5:$A$34,0))),"") | F8: =IFERROR(IF($A8="","",INDEX('PTO Balance'!$H$5:$H$34,MATCH($A8,'PTO Balance'!$A$5:$A$34,0))),"") | H8: =IF($A8="","",IF(COUNTIF('Annual Calendar'!$A$6:$A$35,$A8&"")=0,"⚠ name not in the calendar",""))
D9: =IF(OR($B9="",$C9=""),"",IF($C9<$B9,"⚠ dates reversed",$C9-$B9+1)) | E9: =IFERROR(IF($A9="","",INDEX('PTO Balance'!$F$5:$F$34,MATCH($A9,'PTO Balance'!$A$5:$A$34,0))),"") | F9: =IFERROR(IF($A9="","",INDEX('PTO Balance'!$H$5:$H$34,MATCH($A9,'PTO Balance'!$A$5:$A$34,0))),"") | H9: =IF($A9="","",IF(COUNTIF('Annual Calendar'!$A$6:$A$35,$A9&"")=0,"⚠ name not in the calendar",""))
D10: =IF(OR($B10="",$C10=""),"",IF($C10<$B10,"⚠ dates reversed",$C10-$B10+1)) | E10: =IFERROR(IF($A10="","",INDEX('PTO Balance'!$F$5:$F$34,MATCH($A10,'PTO Balance'!$A$5:$A$34,0))),"") | F10: =IFERROR(IF($A10="","",INDEX('PTO Balance'!$H$5:$H$34,MATCH($A10,'PTO Balance'!$A$5:$A$34,0))),"") | H10: =IF($A10="","",IF(COUNTIF('Annual Calendar'!$A$6:$A$35,$A10&"")=0,"⚠ name not in the calendar",""))
D11: =IF(OR($B11="",$C11=""),"",IF($C11<$B11,"⚠ dates reversed",$C11-$B11+1)) | E11: =IFERROR(IF($A11="","",INDEX('PTO Balance'!$F$5:$F$34,MATCH($A11,'PTO Balance'!$A$5:$A$34,0))),"") | F11: =IFERROR(IF($A11="","",INDEX('PTO Balance'!$H$5:$H$34,MATCH($A11,'PTO Balance'!$A$5:$A$34,0))),"") | H11: =IF($A11="","",IF(COUNTIF('Annual Calendar'!$A$6:$A$35,$A11&"")=0,"⚠ name not in the calendar",""))
D12: =IF(OR($B12="",$C12=""),"",IF($C12<$B12,"⚠ dates reversed",$C12-$B12+1)) | E12: =IFERROR(IF($A12="","",INDEX('PTO Balance'!$F$5:$F$34,MATCH($A12,'PTO Balance'!$A$5:$A$34,0))),"") | F12: =IFERROR(IF($A12="","",INDEX('PTO Balance'!$H$5:$H$34,MATCH($A12,'PTO Balance'!$A$5:$A$34,0))),"") | H12: =IF($A12="","",IF(COUNTIF('Annual Calendar'!$A$6:$A$35,$A12&"")=0,"⚠ name not in the calendar",""))
D13: =IF(OR($B13="",$C13=""),"",IF($C13<$B13,"⚠ dates reversed",$C13-$B13+1)) | E13: =IFERROR(IF($A13="","",INDEX('PTO Balance'!$F$5:$F$34,MATCH($A13,'PTO Balance'!$A$5:$A$34,0))),"") | F13: =IFERROR(IF($A13="","",INDEX('PTO Balance'!$H$5:$H$34,MATCH($A13,'PTO Balance'!$A$5:$A$34,0))),"") | H13: =IF($A13="","",IF(COUNTIF('Annual Calendar'!$A$6:$A$35,$A13&"")=0,"⚠ name not in the calendar",""))
D14: =IF(OR($B14="",$C14=""),"",IF($C14<$B14,"⚠ dates reversed",$C14-$B14+1)) | E14: =IFERROR(IF($A14="","",INDEX('PTO Balance'!$F$5:$F$34,MATCH($A14,'PTO Balance'!$A$5:$A$34,0))),"") | F14: =IFERROR(IF($A14="","",INDEX('PTO Balance'!$H$5:$H$34,MATCH($A14,'PTO Balance'!$A$5:$A$34,0))),"") | H14: =IF($A14="","",IF(COUNTIF('Annual Calendar'!$A$6:$A$35,$A14&"")=0,"⚠ name not in the calendar",""))
D15: =IF(OR($B15="",$C15=""),"",IF($C15<$B15,"⚠ dates reversed",$C15-$B15+1)) | E15: =IFERROR(IF($A15="","",INDEX('PTO Balance'!$F$5:$F$34,MATCH($A15,'PTO Balance'!$A$5:$A$34,0))),"") | F15: =IFERROR(IF($A15="","",INDEX('PTO Balance'!$H$5:$H$34,MATCH($A15,'PTO Balance'!$A$5:$A$34,0))),"") | H15: =IF($A15="","",IF(COUNTIF('Annual Calendar'!$A$6:$A$35,$A15&"")=0,"⚠ name not in the calendar",""))
D16: =IF(OR($B16="",$C16=""),"",IF($C16<$B16,"⚠ dates reversed",$C16-$B16+1)) | E16: =IFERROR(IF($A16="","",INDEX('PTO Balance'!$F$5:$F$34,MATCH($A16,'PTO Balance'!$A$5:$A$34,0))),"") | F16: =IFERROR(IF($A16="","",INDEX('PTO Balance'!$H$5:$H$34,MATCH($A16,'PTO Balance'!$A$5:$A$34,0))),"") | H16: =IF($A16="","",IF(COUNTIF('Annual Calendar'!$A$6:$A$35,$A16&"")=0,"⚠ name not in the calendar",""))
... D154: =IF(OR($B154="",$C154=""),"",IF($C154<$B154,"⚠ dates reversed",$C154-$B154+1)) | E154: =IFERROR(IF($A154="","",INDEX('PTO Balance'!$F$5:$F$34,MATCH($A154,'PTO Balance'!$A$5:$A$34,0))),"") | F154: =IFERROR(IF($A154="","",INDEX('PTO Balance'!$H$5:$H$34,MATCH($A154,'PTO Balance'!$A$5:$A$34,0))),"") | H154: =IF($A154="","",IF(COUNTIF('Annual Calendar'!$A$6:$A$35,$A154&"")=0,"⚠ name not in the calendar",""))
A156: ▸ This tab is indexed by REQUEST, not by person: it holds 150 requests, about five per employee. Nobody takes all their days in one go — in restaurants they get split across summer, the holidays and the odd long weekend — and the balance is only accurate if ALL the periods are here.
A158: © 2026 AI Chef Pro · aichef.pro

Sheet PTO Balance
A1: PTO Balance by Employee
A2: PTO days per year (calendar days): | B2: 14 | D2: Year start: | E2: =DATE(YEAR($G$2),1,1) -> 46388 | F2: Year end date: | G2: =DATE(YEAR('Annual Calendar'!$B$5),12,31) -> 46752 | H2: ← they come from the Sunday of week 1 (Annual Calendar!B5): change it there and the whole year moves
A3: ▸ The names come from the Annual Calendar. Fill in the hire date (to prorate for anyone who joins mid-year), the end date if there is one (that number is what goes into the final paycheck) and, if someone has a different entitlement from the general one, their own days.
A4: Employee | B4: Hire date | C4: Separation / end date | D4: Own days | E4: Annual entitlement | F4: Taken | G4: Pending | H4: Days left | I4: Alert
A5: =IF('Annual Calendar'!$A6="","",'Annual Calendar'!$A6) | E5: =IFERROR(IF($A5="","",MAX(0,MIN(IF($D5="",$B$2,$D5),ROUND(IF($D5="",$B$2,$D5)*((IF($C5="",$G$2,MIN($C5,$G$2)))-(IF($B5="",$E$2,MAX($B5,$E$2)))+1)/($G$2-$E$2+1),1)))),"") | F5: =IF($A5="","",SUMIFS('PTO Requests'!$D$5:$D$154,'PTO Requests'!$A$5:$A$154,$A5&"",'PTO Requests'!$G$5:$G$154,"Approved",'PTO Requests'!$B$5:$B$154,">="&'PTO Balance'!$E$2,'PTO Requests'!$B$5:$B$154,"<="&'PTO Balance'!$G$2)) | G5: =IF($A5="","",SUMIFS('PTO Requests'!$D$5:$D$154,'PTO Requests'!$A$5:$A$154,$A5&"",'PTO Requests'!$G$5:$G$154,"Pending",'PTO Requests'!$B$5:$B$154,">="&'PTO Balance'!$E$2,'PTO Requests'!$B$5:$B$154,"<="&'PTO Balance'!$G$2)) | H5: =IF($E5="","",ROUND($E5-$F5-$G5,1)) | I5: =IF($A5="","",IF(AND($B5<>"",$B5>$G$2),"⚠ hire date is after year-end",IF(AND($C5<>"",$B5<>"",$C5<$B5),"⚠ end date is before hire date",IF($H5<0,"⛔ negative balance",IF($H5=0,"⚠ no days left","")))))
A6: =IF('Annual Calendar'!$A7="","",'Annual Calendar'!$A7) | E6: =IFERROR(IF($A6="","",MAX(0,MIN(IF($D6="",$B$2,$D6),ROUND(IF($D6="",$B$2,$D6)*((IF($C6="",$G$2,MIN($C6,$G$2)))-(IF($B6="",$E$2,MAX($B6,$E$2)))+1)/($G$2-$E$2+1),1)))),"") | F6: =IF($A6="","",SUMIFS('PTO Requests'!$D$5:$D$154,'PTO Requests'!$A$5:$A$154,$A6&"",'PTO Requests'!$G$5:$G$154,"Approved",'PTO Requests'!$B$5:$B$154,">="&'PTO Balance'!$E$2,'PTO Requests'!$B$5:$B$154,"<="&'PTO Balance'!$G$2)) | G6: =IF($A6="","",SUMIFS('PTO Requests'!$D$5:$D$154,'PTO Requests'!$A$5:$A$154,$A6&"",'PTO Requests'!$G$5:$G$154,"Pending",'PTO Requests'!$B$5:$B$154,">="&'PTO Balance'!$E$2,'PTO Requests'!$B$5:$B$154,"<="&'PTO Balance'!$G$2)) | H6: =IF($E6="","",ROUND($E6-$F6-$G6,1)) | I6: =IF($A6="","",IF(AND($B6<>"",$B6>$G$2),"⚠ hire date is after year-end",IF(AND($C6<>"",$B6<>"",$C6<$B6),"⚠ end date is before hire date",IF($H6<0,"⛔ negative balance",IF($H6=0,"⚠ no days left","")))))
A7: =IF('Annual Calendar'!$A8="","",'Annual Calendar'!$A8) | E7: =IFERROR(IF($A7="","",MAX(0,MIN(IF($D7="",$B$2,$D7),ROUND(IF($D7="",$B$2,$D7)*((IF($C7="",$G$2,MIN($C7,$G$2)))-(IF($B7="",$E$2,MAX($B7,$E$2)))+1)/($G$2-$E$2+1),1)))),"") | F7: =IF($A7="","",SUMIFS('PTO Requests'!$D$5:$D$154,'PTO Requests'!$A$5:$A$154,$A7&"",'PTO Requests'!$G$5:$G$154,"Approved",'PTO Requests'!$B$5:$B$154,">="&'PTO Balance'!$E$2,'PTO Requests'!$B$5:$B$154,"<="&'PTO Balance'!$G$2)) | G7: =IF($A7="","",SUMIFS('PTO Requests'!$D$5:$D$154,'PTO Requests'!$A$5:$A$154,$A7&"",'PTO Requests'!$G$5:$G$154,"Pending",'PTO Requests'!$B$5:$B$154,">="&'PTO Balance'!$E$2,'PTO Requests'!$B$5:$B$154,"<="&'PTO Balance'!$G$2)) | H7: =IF($E7="","",ROUND($E7-$F7-$G7,1)) | I7: =IF($A7="","",IF(AND($B7<>"",$B7>$G$2),"⚠ hire date is after year-end",IF(AND($C7<>"",$B7<>"",$C7<$B7),"⚠ end date is before hire date",IF($H7<0,"⛔ negative balance",IF($H7=0,"⚠ no days left","")))))
A8: =IF('Annual Calendar'!$A9="","",'Annual Calendar'!$A9) | E8: =IFERROR(IF($A8="","",MAX(0,MIN(IF($D8="",$B$2,$D8),ROUND(IF($D8="",$B$2,$D8)*((IF($C8="",$G$2,MIN($C8,$G$2)))-(IF($B8="",$E$2,MAX($B8,$E$2)))+1)/($G$2-$E$2+1),1)))),"") | F8: =IF($A8="","",SUMIFS('PTO Requests'!$D$5:$D$154,'PTO Requests'!$A$5:$A$154,$A8&"",'PTO Requests'!$G$5:$G$154,"Approved",'PTO Requests'!$B$5:$B$154,">="&'PTO Balance'!$E$2,'PTO Requests'!$B$5:$B$154,"<="&'PTO Balance'!$G$2)) | G8: =IF($A8="","",SUMIFS('PTO Requests'!$D$5:$D$154,'PTO Requests'!$A$5:$A$154,$A8&"",'PTO Requests'!$G$5:$G$154,"Pending",'PTO Requests'!$B$5:$B$154,">="&'PTO Balance'!$E$2,'PTO Requests'!$B$5:$B$154,"<="&'PTO Balance'!$G$2)) | H8: =IF($E8="","",ROUND($E8-$F8-$G8,1)) | I8: =IF($A8="","",IF(AND($B8<>"",$B8>$G$2),"⚠ hire date is after year-end",IF(AND($C8<>"",$B8<>"",$C8<$B8),"⚠ end date is before hire date",IF($H8<0,"⛔ negative balance",IF($H8=0,"⚠ no days left","")))))
A9: =IF('Annual Calendar'!$A10="","",'Annual Calendar'!$A10) | E9: =IFERROR(IF($A9="","",MAX(0,MIN(IF($D9="",$B$2,$D9),ROUND(IF($D9="",$B$2,$D9)*((IF($C9="",$G$2,MIN($C9,$G$2)))-(IF($B9="",$E$2,MAX($B9,$E$2)))+1)/($G$2-$E$2+1),1)))),"") | F9: =IF($A9="","",SUMIFS('PTO Requests'!$D$5:$D$154,'PTO Requests'!$A$5:$A$154,$A9&"",'PTO Requests'!$G$5:$G$154,"Approved",'PTO Requests'!$B$5:$B$154,">="&'PTO Balance'!$E$2,'PTO Requests'!$B$5:$B$154,"<="&'PTO Balance'!$G$2)) | G9: =IF($A9="","",SUMIFS('PTO Requests'!$D$5:$D$154,'PTO Requests'!$A$5:$A$154,$A9&"",'PTO Requests'!$G$5:$G$154,"Pending",'PTO Requests'!$B$5:$B$154,">="&'PTO Balance'!$E$2,'PTO Requests'!$B$5:$B$154,"<="&'PTO Balance'!$G$2)) | H9: =IF($E9="","",ROUND($E9-$F9-$G9,1)) | I9: =IF($A9="","",IF(AND($B9<>"",$B9>$G$2),"⚠ hire date is after year-end",IF(AND($C9<>"",$B9<>"",$C9<$B9),"⚠ end date is before hire date",IF($H9<0,"⛔ negative balance",IF($H9=0,"⚠ no days left","")))))
A10: =IF('Annual Calendar'!$A11="","",'Annual Calendar'!$A11) | E10: =IFERROR(IF($A10="","",MAX(0,MIN(IF($D10="",$B$2,$D10),ROUND(IF($D10="",$B$2,$D10)*((IF($C10="",$G$2,MIN($C10,$G$2)))-(IF($B10="",$E$2,MAX($B10,$E$2)))+1)/($G$2-$E$2+1),1)))),"") | F10: =IF($A10="","",SUMIFS('PTO Requests'!$D$5:$D$154,'PTO Requests'!$A$5:$A$154,$A10&"",'PTO Requests'!$G$5:$G$154,"Approved",'PTO Requests'!$B$5:$B$154,">="&'PTO Balance'!$E$2,'PTO Requests'!$B$5:$B$154,"<="&'PTO Balance'!$G$2)) | G10: =IF($A10="","",SUMIFS('PTO Requests'!$D$5:$D$154,'PTO Requests'!$A$5:$A$154,$A10&"",'PTO Requests'!$G$5:$G$154,"Pending",'PTO Requests'!$B$5:$B$154,">="&'PTO Balance'!$E$2,'PTO Requests'!$B$5:$B$154,"<="&'PTO Balance'!$G$2)) | H10: =IF($E10="","",ROUND($E10-$F10-$G10,1)) | I10: =IF($A10="","",IF(AND($B10<>"",$B10>$G$2),"⚠ hire date is after year-end",IF(AND($C10<>"",$B10<>"",$C10<$B10),"⚠ end date is before hire date",IF($H10<0,"⛔ negative balance",IF($H10=0,"⚠ no days left","")))))
A11: =IF('Annual Calendar'!$A12="","",'Annual Calendar'!$A12) | E11: =IFERROR(IF($A11="","",MAX(0,MIN(IF($D11="",$B$2,$D11),ROUND(IF($D11="",$B$2,$D11)*((IF($C11="",$G$2,MIN($C11,$G$2)))-(IF($B11="",$E$2,MAX($B11,$E$2)))+1)/($G$2-$E$2+1),1)))),"") | F11: =IF($A11="","",SUMIFS('PTO Requests'!$D$5:$D$154,'PTO Requests'!$A$5:$A$154,$A11&"",'PTO Requests'!$G$5:$G$154,"Approved",'PTO Requests'!$B$5:$B$154,">="&'PTO Balance'!$E$2,'PTO Requests'!$B$5:$B$154,"<="&'PTO Balance'!$G$2)) | G11: =IF($A11="","",SUMIFS('PTO Requests'!$D$5:$D$154,'PTO Requests'!$A$5:$A$154,$A11&"",'PTO Requests'!$G$5:$G$154,"Pending",'PTO Requests'!$B$5:$B$154,">="&'PTO Balance'!$E$2,'PTO Requests'!$B$5:$B$154,"<="&'PTO Balance'!$G$2)) | H11: =IF($E11="","",ROUND($E11-$F11-$G11,1)) | I11: =IF($A11="","",IF(AND($B11<>"",$B11>$G$2),"⚠ hire date is after year-end",IF(AND($C11<>"",$B11<>"",$C11<$B11),"⚠ end date is before hire date",IF($H11<0,"⛔ negative balance",IF($H11=0,"⚠ no days left","")))))
A12: =IF('Annual Calendar'!$A13="","",'Annual Calendar'!$A13) | E12: =IFERROR(IF($A12="","",MAX(0,MIN(IF($D12="",$B$2,$D12),ROUND(IF($D12="",$B$2,$D12)*((IF($C12="",$G$2,MIN($C12,$G$2)))-(IF($B12="",$E$2,MAX($B12,$E$2)))+1)/($G$2-$E$2+1),1)))),"") | F12: =IF($A12="","",SUMIFS('PTO Requests'!$D$5:$D$154,'PTO Requests'!$A$5:$A$154,$A12&"",'PTO Requests'!$G$5:$G$154,"Approved",'PTO Requests'!$B$5:$B$154,">="&'PTO Balance'!$E$2,'PTO Requests'!$B$5:$B$154,"<="&'PTO Balance'!$G$2)) | G12: =IF($A12="","",SUMIFS('PTO Requests'!$D$5:$D$154,'PTO Requests'!$A$5:$A$154,$A12&"",'PTO Requests'!$G$5:$G$154,"Pending",'PTO Requests'!$B$5:$B$154,">="&'PTO Balance'!$E$2,'PTO Requests'!$B$5:$B$154,"<="&'PTO Balance'!$G$2)) | H12: =IF($E12="","",ROUND($E12-$F12-$G12,1)) | I12: =IF($A12="","",IF(AND($B12<>"",$B12>$G$2),"⚠ hire date is after year-end",IF(AND($C12<>"",$B12<>"",$C12<$B12),"⚠ end date is before hire date",IF($H12<0,"⛔ negative balance",IF($H12=0,"⚠ no days left","")))))
A13: =IF('Annual Calendar'!$A14="","",'Annual Calendar'!$A14) | E13: =IFERROR(IF($A13="","",MAX(0,MIN(IF($D13="",$B$2,$D13),ROUND(IF($D13="",$B$2,$D13)*((IF($C13="",$G$2,MIN($C13,$G$2)))-(IF($B13="",$E$2,MAX($B13,$E$2)))+1)/($G$2-$E$2+1),1)))),"") | F13: =IF($A13="","",SUMIFS('PTO Requests'!$D$5:$D$154,'PTO Requests'!$A$5:$A$154,$A13&"",'PTO Requests'!$G$5:$G$154,"Approved",'PTO Requests'!$B$5:$B$154,">="&'PTO Balance'!$E$2,'PTO Requests'!$B$5:$B$154,"<="&'PTO Balance'!$G$2)) | G13: =IF($A13="","",SUMIFS('PTO Requests'!$D$5:$D$154,'PTO Requests'!$A$5:$A$154,$A13&"",'PTO Requests'!$G$5:$G$154,"Pending",'PTO Requests'!$B$5:$B$154,">="&'PTO Balance'!$E$2,'PTO Requests'!$B$5:$B$154,"<="&'PTO Balance'!$G$2)) | H13: =IF($E13="","",ROUND($E13-$F13-$G13,1)) | I13: =IF($A13="","",IF(AND($B13<>"",$B13>$G$2),"⚠ hire date is after year-end",IF(AND($C13<>"",$B13<>"",$C13<$B13),"⚠ end date is before hire date",IF($H13<0,"⛔ negative balance",IF($H13=0,"⚠ no days left","")))))
A14: =IF('Annual Calendar'!$A15="","",'Annual Calendar'!$A15) | E14: =IFERROR(IF($A14="","",MAX(0,MIN(IF($D14="",$B$2,$D14),ROUND(IF($D14="",$B$2,$D14)*((IF($C14="",$G$2,MIN($C14,$G$2)))-(IF($B14="",$E$2,MAX($B14,$E$2)))+1)/($G$2-$E$2+1),1)))),"") | F14: =IF($A14="","",SUMIFS('PTO Requests'!$D$5:$D$154,'PTO Requests'!$A$5:$A$154,$A14&"",'PTO Requests'!$G$5:$G$154,"Approved",'PTO Requests'!$B$5:$B$154,">="&'PTO Balance'!$E$2,'PTO Requests'!$B$5:$B$154,"<="&'PTO Balance'!$G$2)) | G14: =IF($A14="","",SUMIFS('PTO Requests'!$D$5:$D$154,'PTO Requests'!$A$5:$A$154,$A14&"",'PTO Requests'!$G$5:$G$154,"Pending",'PTO Requests'!$B$5:$B$154,">="&'PTO Balance'!$E$2,'PTO Requests'!$B$5:$B$154,"<="&'PTO Balance'!$G$2)) | H14: =IF($E14="","",ROUND($E14-$F14-$G14,1)) | I14: =IF($A14="","",IF(AND($B14<>"",$B14>$G$2),"⚠ hire date is after year-end",IF(AND($C14<>"",$B14<>"",$C14<$B14),"⚠ end date is before hire date",IF($H14<0,"⛔ negative balance",IF($H14=0,"⚠ no days left","")))))
A15: =IF('Annual Calendar'!$A16="","",'Annual Calendar'!$A16) | E15: =IFERROR(IF($A15="","",MAX(0,MIN(IF($D15="",$B$2,$D15),ROUND(IF($D15="",$B$2,$D15)*((IF($C15="",$G$2,MIN($C15,$G$2)))-(IF($B15="",$E$2,MAX($B15,$E$2)))+1)/($G$2-$E$2+1),1)))),"") | F15: =IF($A15="","",SUMIFS('PTO Requests'!$D$5:$D$154,'PTO Requests'!$A$5:$A$154,$A15&"",'PTO Requests'!$G$5:$G$154,"Approved",'PTO Requests'!$B$5:$B$154,">="&'PTO Balance'!$E$2,'PTO Requests'!$B$5:$B$154,"<="&'PTO Balance'!$G$2)) | G15: =IF($A15="","",SUMIFS('PTO Requests'!$D$5:$D$154,'PTO Requests'!$A$5:$A$154,$A15&"",'PTO Requests'!$G$5:$G$154,"Pending",'PTO Requests'!$B$5:$B$154,">="&'PTO Balance'!$E$2,'PTO Requests'!$B$5:$B$154,"<="&'PTO Balance'!$G$2)) | H15: =IF($E15="","",ROUND($E15-$F15-$G15,1)) | I15: =IF($A15="","",IF(AND($B15<>"",$B15>$G$2),"⚠ hire date is after year-end",IF(AND($C15<>"",$B15<>"",$C15<$B15),"⚠ end date is before hire date",IF($H15<0,"⛔ negative balance",IF($H15=0,"⚠ no days left","")))))
A16: =IF('Annual Calendar'!$A17="","",'Annual Calendar'!$A17) | E16: =IFERROR(IF($A16="","",MAX(0,MIN(IF($D16="",$B$2,$D16),ROUND(IF($D16="",$B$2,$D16)*((IF($C16="",$G$2,MIN($C16,$G$2)))-(IF($B16="",$E$2,MAX($B16,$E$2)))+1)/($G$2-$E$2+1),1)))),"") | F16: =IF($A16="","",SUMIFS('PTO Requests'!$D$5:$D$154,'PTO Requests'!$A$5:$A$154,$A16&"",'PTO Requests'!$G$5:$G$154,"Approved",'PTO Requests'!$B$5:$B$154,">="&'PTO Balance'!$E$2,'PTO Requests'!$B$5:$B$154,"<="&'PTO Balance'!$G$2)) | G16: =IF($A16="","",SUMIFS('PTO Requests'!$D$5:$D$154,'PTO Requests'!$A$5:$A$154,$A16&"",'PTO Requests'!$G$5:$G$154,"Pending",'PTO Requests'!$B$5:$B$154,">="&'PTO Balance'!$E$2,'PTO Requests'!$B$5:$B$154,"<="&'PTO Balance'!$G$2)) | H16: =IF($E16="","",ROUND($E16-$F16-$G16,1)) | I16: =IF($A16="","",IF(AND($B16<>"",$B16>$G$2),"⚠ hire date is after year-end",IF(AND($C16<>"",$B16<>"",$C16<$B16),"⚠ end date is before hire date",IF($H16<0,"⛔ negative balance",IF($H16=0,"⚠ no days left","")))))
... A34: =IF('Annual Calendar'!$A35="","",'Annual Calendar'!$A35) | E34: =IFERROR(IF($A34="","",MAX(0,MIN(IF($D34="",$B$2,$D34),ROUND(IF($D34="",$B$2,$D34)*((IF($C34="",$G$2,MIN($C34,$G$2)))-(IF($B34="",$E$2,MAX($B34,$E$2)))+1)/($G$2-$E$2+1),1)))),"") | F34: =IF($A34="","",SUMIFS('PTO Requests'!$D$5:$D$154,'PTO Requests'!$A$5:$A$154,$A34&"",'PTO Requests'!$G$5:$G$154,"Approved",'PTO Requests'!$B$5:$B$154,">="&'PTO Balance'!$E$2,'PTO Requests'!$B$5:$B$154,"<="&'PTO Balance'!$G$2)) | G34: =IF($A34="","",SUMIFS('PTO Requests'!$D$5:$D$154,'PTO Requests'!$A$5:$A$154,$A34&"",'PTO Requests'!$G$5:$G$154,"Pending",'PTO Requests'!$B$5:$B$154,">="&'PTO Balance'!$E$2,'PTO Requests'!$B$5:$B$154,"<="&'PTO Balance'!$G$2)) | H34: =IF($E34="","",ROUND($E34-$F34-$G34,1)) | I34: =IF($A34="","",IF(AND($B34<>"",$B34>$G$2),"⚠ hire date is after year-end",IF(AND($C34<>"",$B34<>"",$C34<$B34),"⚠ end date is before hire date",IF($H34<0,"⛔ negative balance",IF($H34=0,"⚠ no days left","")))))
A36: ▸ "Days left" subtracts APPROVED and also PENDING requests: it is the balance you can commit today without approving the same days twice. And it only counts THIS year's requests (the dates above), so the same workbook works for several years without distorting the balance.
A37: ▸ Proration is linear over the days the person is on staff WITHIN the year: both the hire date and the end date count. A seasonal worker from January to June earns 7 days, not 14 — and that is the number that goes into the final paycheck. Your policy may count whole months: in that case type the days that apply in "Own days".
A39: © 2026 AI Chef Pro · aichef.pro

Sheet Coverage
A1: PTO Coverage Plan
A2: AI Chef Pro · aichef.pro — Restaurant Staff Scheduling Kit Pro
A3: Max simultaneous absences per week: | B3: 4 | C3: Max in HIGH SEASON: | D3: 1
A4: MINIMUM STAFF PER SHIFT
A5: Shift | B5: Minimum Staff | C5: Kitchen | D5: FOH | E5: Bar
A6: AM · AM shift | B6: =IF(COUNT($C6:$E6)=0,"",$C6+$D6+$E6) -> 4 | C6: 2 | D6: 2 | E6: 0
A7: PM · PM shift | B7: =IF(COUNT($C7:$E7)=0,"",$C7+$D7+$E7) -> 5 | C7: 2 | D7: 2 | E7: 1
A8: N · Night (close) | B8: =IF(COUNT($C8:$E8)=0,"",$C8+$D8+$E8) -> 2 | C8: 1 | D8: 1 | E8: 0
A9: ▸ Above the maximum in B3 the "Coverage" row of the calendar turns amber; in high season the threshold is the one in D3. The minimums per shift are the ones file 03 (Restaurant Labor Cost Calculator (Payroll & Labor %)) and BONUS-02 use for the default case (5 people per service): they are a starting point, adjust them to your menu. And they are not decorative: the last indicator below counts the weeks when available staff does not reach the most demanding shift.
A10: COVERAGE: WHO COVERS FOR WHOM
A11: Absent Employee | B11: Position | C11: Cover 1 | D11: Cover 2 | E11: Notes | F11: Days pending | G11: Alert
F12: =IFERROR(IF($A12="","",INDEX('PTO Balance'!$H$5:$H$34,MATCH($A12,'PTO Balance'!$A$5:$A$34,0))),"") | G12: =IF($A12="","",IF(COUNTIF('Annual Calendar'!$A$6:$A$35,$A12&"")=0,"⚠ name not in the calendar",""))
F13: =IFERROR(IF($A13="","",INDEX('PTO Balance'!$H$5:$H$34,MATCH($A13,'PTO Balance'!$A$5:$A$34,0))),"") | G13: =IF($A13="","",IF(COUNTIF('Annual Calendar'!$A$6:$A$35,$A13&"")=0,"⚠ name not in the calendar",""))
F14: =IFERROR(IF($A14="","",INDEX('PTO Balance'!$H$5:$H$34,MATCH($A14,'PTO Balance'!$A$5:$A$34,0))),"") | G14: =IF($A14="","",IF(COUNTIF('Annual Calendar'!$A$6:$A$35,$A14&"")=0,"⚠ name not in the calendar",""))
F15: =IFERROR(IF($A15="","",INDEX('PTO Balance'!$H$5:$H$34,MATCH($A15,'PTO Balance'!$A$5:$A$34,0))),"") | G15: =IF($A15="","",IF(COUNTIF('Annual Calendar'!$A$6:$A$35,$A15&"")=0,"⚠ name not in the calendar",""))
F16: =IFERROR(IF($A16="","",INDEX('PTO Balance'!$H$5:$H$34,MATCH($A16,'PTO Balance'!$A$5:$A$34,0))),"") | G16: =IF($A16="","",IF(COUNTIF('Annual Calendar'!$A$6:$A$35,$A16&"")=0,"⚠ name not in the calendar",""))
F17: =IFERROR(IF($A17="","",INDEX('PTO Balance'!$H$5:$H$34,MATCH($A17,'PTO Balance'!$A$5:$A$34,0))),"") | G17: =IF($A17="","",IF(COUNTIF('Annual Calendar'!$A$6:$A$35,$A17&"")=0,"⚠ name not in the calendar",""))
F18: =IFERROR(IF($A18="","",INDEX('PTO Balance'!$H$5:$H$34,MATCH($A18,'PTO Balance'!$A$5:$A$34,0))),"") | G18: =IF($A18="","",IF(COUNTIF('Annual Calendar'!$A$6:$A$35,$A18&"")=0,"⚠ name not in the calendar",""))
F19: =IFERROR(IF($A19="","",INDEX('PTO Balance'!$H$5:$H$34,MATCH($A19,'PTO Balance'!$A$5:$A$34,0))),"") | G19: =IF($A19="","",IF(COUNTIF('Annual Calendar'!$A$6:$A$35,$A19&"")=0,"⚠ name not in the calendar",""))
F20: =IFERROR(IF($A20="","",INDEX('PTO Balance'!$H$5:$H$34,MATCH($A20,'PTO Balance'!$A$5:$A$34,0))),"") | G20: =IF($A20="","",IF(COUNTIF('Annual Calendar'!$A$6:$A$35,$A20&"")=0,"⚠ name not in the calendar",""))
F21: =IFERROR(IF($A21="","",INDEX('PTO Balance'!$H$5:$H$34,MATCH($A21,'PTO Balance'!$A$5:$A$34,0))),"") | G21: =IF($A21="","",IF(COUNTIF('Annual Calendar'!$A$6:$A$35,$A21&"")=0,"⚠ name not in the calendar",""))
F22: =IFERROR(IF($A22="","",INDEX('PTO Balance'!$H$5:$H$34,MATCH($A22,'PTO Balance'!$A$5:$A$34,0))),"") | G22: =IF($A22="","",IF(COUNTIF('Annual Calendar'!$A$6:$A$35,$A22&"")=0,"⚠ name not in the calendar",""))
F23: =IFERROR(IF($A23="","",INDEX('PTO Balance'!$H$5:$H$34,MATCH($A23,'PTO Balance'!$A$5:$A$34,0))),"") | G23: =IF($A23="","",IF(COUNTIF('Annual Calendar'!$A$6:$A$35,$A23&"")=0,"⚠ name not in the calendar",""))
... F41: =IFERROR(IF($A41="","",INDEX('PTO Balance'!$H$5:$H$34,MATCH($A41,'PTO Balance'!$A$5:$A$34,0))),"") | G41: =IF($A41="","",IF(COUNTIF('Annual Calendar'!$A$6:$A$35,$A41&"")=0,"⚠ name not in the calendar",""))
A43: COVERAGE INDICATORS
A44: Total staff in the calendar: | B44: =COUNTIF('Annual Calendar'!$A$6:$A$35,"?*") -> 0
A45: Peak simultaneous absences (worst week): | B45: =MAX('Annual Calendar'!$B$39:$BB$39) -> 0
A46: Weeks above your maximum: | B46: =COUNTIF('Annual Calendar'!$B$39:$BB$39,">"&$B$3) -> 0
A47: High-season weeks with someone absent: | B47: =SUMPRODUCT(('Annual Calendar'!$B$36:$BB$36="High")*('Annual Calendar'!$B$39:$BB$39>0)) -> 0
A48: Weeks when the most demanding shift is NOT covered (staff − absences < minimum): | B48: =IF($B$44=0,"",SUMPRODUCT((($B$44-'Annual Calendar'!$B$39:$BB$39)<MAX($B$6:$B$8))*1))
A50: ▸ The indicators read the "Absences in the week" row of the Annual Calendar, which is the HIGHER of two counts: what you painted by hand in the grid (V, S and L) and what comes automatically from APPROVED requests. Whether you work from the grid or from the requests, coverage knows.
A52: © 2026 AI Chef Pro · aichef.pro
