Workbook

Sheet Instructions
B2: 07 · Employee Directory & Expiry Tracker
B4: How to use this template:
B5: ▸ Log each employee on one row of the "Staff Directory" tab. It holds 30, the same as the schedule (file 01 "Restaurant Schedule Template") and the review history (file 06 "Employee Performance Review Form").
B6: ▸ Use Excel filters to search by position, FLSA status or employment type.
B7: ▸ The "Expiry Alerts" tab is not typed into: it reads the four expiry dates from the directory and sorts them by severity.
B9: Data included:
B10: ▸ Identification: Employee ID, name, date of birth and the last 4 digits of the SSN (never the full number).
B11: ▸ Employment: position, FLSA status (non-exempt / exempt), employment type, full or part-time, weekly hours, pay type, hire date, end date and end of the introductory period.
B12: ▸ Required credentials: expiry of the food handler card and of the alcohol server certification.
B13: ▸ Contact: phone, email and emergency contact.
B14: ▸ Operational: pay rate, uniform size and locker.
B15: ▸ NO health data is requested: the directory has no column for employee allergies or medical conditions (see below).
... B31: Version 2.0 · October 2026 · aichef.pro/en/digital-products/restaurant-schedule-templates · info@aichef.pro

Sheet Staff Directory
A1: Staff Directory
A2: AI Chef Pro · aichef.pro — Restaurant Staff Scheduling Kit Pro
A4: Full Name | B4: Employee ID | C4: Date of Birth | D4: Employment type | E4: Position | F4: FLSA status (non-exempt / exempt) | G4: Full / part-time | H4: Weekly Hours | I4: Pay type (hourly / salaried / tipped) | J4: SSN (last 4 digits only) | K4: Hire date | L4: End date (seasonal / temp) | M4: Introductory period ends | N4: Food handler card expires | O4: Alcohol server cert expires | P4: Pay rate | Q4: Phone | R4: Email | S4: Emergency Contact | T4: Uniform Size | U4: Locker | V4: Alert
V5: =IF($C5="","",IF(DATE(YEAR($C5)+18,MONTH($C5),DAY($C5))>TODAY(),"⚠ UNDER 18: child labor rules apply (29 CFR 570)",""))
V6: =IF($C6="","",IF(DATE(YEAR($C6)+18,MONTH($C6),DAY($C6))>TODAY(),"⚠ UNDER 18: child labor rules apply (29 CFR 570)",""))
V7: =IF($C7="","",IF(DATE(YEAR($C7)+18,MONTH($C7),DAY($C7))>TODAY(),"⚠ UNDER 18: child labor rules apply (29 CFR 570)",""))
V8: =IF($C8="","",IF(DATE(YEAR($C8)+18,MONTH($C8),DAY($C8))>TODAY(),"⚠ UNDER 18: child labor rules apply (29 CFR 570)",""))
V9: =IF($C9="","",IF(DATE(YEAR($C9)+18,MONTH($C9),DAY($C9))>TODAY(),"⚠ UNDER 18: child labor rules apply (29 CFR 570)",""))
V10: =IF($C10="","",IF(DATE(YEAR($C10)+18,MONTH($C10),DAY($C10))>TODAY(),"⚠ UNDER 18: child labor rules apply (29 CFR 570)",""))
V11: =IF($C11="","",IF(DATE(YEAR($C11)+18,MONTH($C11),DAY($C11))>TODAY(),"⚠ UNDER 18: child labor rules apply (29 CFR 570)",""))
V12: =IF($C12="","",IF(DATE(YEAR($C12)+18,MONTH($C12),DAY($C12))>TODAY(),"⚠ UNDER 18: child labor rules apply (29 CFR 570)",""))
V13: =IF($C13="","",IF(DATE(YEAR($C13)+18,MONTH($C13),DAY($C13))>TODAY(),"⚠ UNDER 18: child labor rules apply (29 CFR 570)",""))
V14: =IF($C14="","",IF(DATE(YEAR($C14)+18,MONTH($C14),DAY($C14))>TODAY(),"⚠ UNDER 18: child labor rules apply (29 CFR 570)",""))
V15: =IF($C15="","",IF(DATE(YEAR($C15)+18,MONTH($C15),DAY($C15))>TODAY(),"⚠ UNDER 18: child labor rules apply (29 CFR 570)",""))
V16: =IF($C16="","",IF(DATE(YEAR($C16)+18,MONTH($C16),DAY($C16))>TODAY(),"⚠ UNDER 18: child labor rules apply (29 CFR 570)",""))
... V34: =IF($C34="","",IF(DATE(YEAR($C34)+18,MONTH($C34),DAY($C34))>TODAY(),"⚠ UNDER 18: child labor rules apply (29 CFR 570)",""))
A36: ▸ This sheet does NOT ask for medical data. Keep any medical information (allergies, disabilities, health conditions) in a separate, restricted file: it is not handled at the same level as a shirt size. Read the records and data privacy section in "Instructions".
A37: ▸ "End date (seasonal / temp)", "Introductory period ends", "Food handler card expires" and "Alcohol server cert expires" feed the "Expiry Alerts" tab automatically: type them here and do not enter them twice.
A38: ▸ "FLSA status" and "Pay type" are the first fields a payroll provider or accountant asks for. The SSN column takes only the LAST 4 digits: keep the full number in your payroll system, not here.
A39: ▸ The "Alert" column flags a minor as soon as you enter the date of birth (child labor rules apply, 29 CFR 570: under 16, limits on hours and times of day; under 18, no hazardous machines). Overtime in the US starts after 40 h per workweek at 1.5×.
A41: © 2026 AI Chef Pro · aichef.pro

Sheet Expiry Alerts
A1: Expiry Alerts
A2: AI Chef Pro · aichef.pro — Restaurant Staff Scheduling Kit Pro
A3: Today's date: | B3: =TODAY() -> 46298 | D3: Expiries already OVERDUE: | E3: =COUNTIF($C$7:$C$36,"❌*")+COUNTIF($E$7:$E$36,"❌*")+COUNTIF($G$7:$G$36,"❌*")+COUNTIF($I$7:$I$36,"❌*") -> 0
A4: RED alert — fewer than (days) left: | B4: 30 | D4: In RED (expiring soon): | E4: =COUNTIF($C$7:$C$36,"🔴*")+COUNTIF($E$7:$E$36,"🔴*")+COUNTIF($G$7:$G$36,"🔴*")+COUNTIF($I$7:$I$36,"🔴*") -> 0
A5: AMBER alert — fewer than (days) left: | B5: 60 | D5: In AMBER (worth a look): | E5: =COUNTIF($C$7:$C$36,"🟡*")+COUNTIF($E$7:$E$36,"🟡*")+COUNTIF($G$7:$G$36,"🟡*")+COUNTIF($I$7:$I$36,"🟡*") -> 0
A6: Employee | B6: End date (seasonal / temp) | C6: Alert | D6: Introductory period ends | E6: Alert | F6: Food handler card | G6: Alert | H6: Alcohol server cert | I6: Alert
A7: =IF('Staff Directory'!$A5="","",'Staff Directory'!$A5) | B7: =IF('Staff Directory'!$L5="","",'Staff Directory'!$L5) | C7: =IF($B7="","",IF($B7-$B$3<0,"❌ OVERDUE BY "&TEXT($B$3-$B7,"0")&" d",IF($B7-$B$3<=$B$4,"🔴 "&TEXT($B7-$B$3,"0")&" d",IF($B7-$B$3<=$B$5,"🟡 "&TEXT($B7-$B$3,"0")&" d","🟢 OK")))) | D7: =IF('Staff Directory'!$M5="","",'Staff Directory'!$M5) | E7: =IF($D7="","",IF($D7-$B$3<0,"❌ OVERDUE BY "&TEXT($B$3-$D7,"0")&" d",IF($D7-$B$3<=$B$4,"🔴 "&TEXT($D7-$B$3,"0")&" d",IF($D7-$B$3<=$B$5,"🟡 "&TEXT($D7-$B$3,"0")&" d","🟢 OK")))) | F7: =IF('Staff Directory'!$N5="","",'Staff Directory'!$N5) | G7: =IF($F7="","",IF($F7-$B$3<0,"❌ OVERDUE BY "&TEXT($B$3-$F7,"0")&" d",IF($F7-$B$3<=$B$4,"🔴 "&TEXT($F7-$B$3,"0")&" d",IF($F7-$B$3<=$B$5,"🟡 "&TEXT($F7-$B$3,"0")&" d","🟢 OK")))) | H7: =IF('Staff Directory'!$O5="","",'Staff Directory'!$O5) | I7: =IF($H7="","",IF($H7-$B$3<0,"❌ OVERDUE BY "&TEXT($B$3-$H7,"0")&" d",IF($H7-$B$3<=$B$4,"🔴 "&TEXT($H7-$B$3,"0")&" d",IF($H7-$B$3<=$B$5,"🟡 "&TEXT($H7-$B$3,"0")&" d","🟢 OK"))))
A8: =IF('Staff Directory'!$A6="","",'Staff Directory'!$A6) | B8: =IF('Staff Directory'!$L6="","",'Staff Directory'!$L6) | C8: =IF($B8="","",IF($B8-$B$3<0,"❌ OVERDUE BY "&TEXT($B$3-$B8,"0")&" d",IF($B8-$B$3<=$B$4,"🔴 "&TEXT($B8-$B$3,"0")&" d",IF($B8-$B$3<=$B$5,"🟡 "&TEXT($B8-$B$3,"0")&" d","🟢 OK")))) | D8: =IF('Staff Directory'!$M6="","",'Staff Directory'!$M6) | E8: =IF($D8="","",IF($D8-$B$3<0,"❌ OVERDUE BY "&TEXT($B$3-$D8,"0")&" d",IF($D8-$B$3<=$B$4,"🔴 "&TEXT($D8-$B$3,"0")&" d",IF($D8-$B$3<=$B$5,"🟡 "&TEXT($D8-$B$3,"0")&" d","🟢 OK")))) | F8: =IF('Staff Directory'!$N6="","",'Staff Directory'!$N6) | G8: =IF($F8="","",IF($F8-$B$3<0,"❌ OVERDUE BY "&TEXT($B$3-$F8,"0")&" d",IF($F8-$B$3<=$B$4,"🔴 "&TEXT($F8-$B$3,"0")&" d",IF($F8-$B$3<=$B$5,"🟡 "&TEXT($F8-$B$3,"0")&" d","🟢 OK")))) | H8: =IF('Staff Directory'!$O6="","",'Staff Directory'!$O6) | I8: =IF($H8="","",IF($H8-$B$3<0,"❌ OVERDUE BY "&TEXT($B$3-$H8,"0")&" d",IF($H8-$B$3<=$B$4,"🔴 "&TEXT($H8-$B$3,"0")&" d",IF($H8-$B$3<=$B$5,"🟡 "&TEXT($H8-$B$3,"0")&" d","🟢 OK"))))
A9: =IF('Staff Directory'!$A7="","",'Staff Directory'!$A7) | B9: =IF('Staff Directory'!$L7="","",'Staff Directory'!$L7) | C9: =IF($B9="","",IF($B9-$B$3<0,"❌ OVERDUE BY "&TEXT($B$3-$B9,"0")&" d",IF($B9-$B$3<=$B$4,"🔴 "&TEXT($B9-$B$3,"0")&" d",IF($B9-$B$3<=$B$5,"🟡 "&TEXT($B9-$B$3,"0")&" d","🟢 OK")))) | D9: =IF('Staff Directory'!$M7="","",'Staff Directory'!$M7) | E9: =IF($D9="","",IF($D9-$B$3<0,"❌ OVERDUE BY "&TEXT($B$3-$D9,"0")&" d",IF($D9-$B$3<=$B$4,"🔴 "&TEXT($D9-$B$3,"0")&" d",IF($D9-$B$3<=$B$5,"🟡 "&TEXT($D9-$B$3,"0")&" d","🟢 OK")))) | F9: =IF('Staff Directory'!$N7="","",'Staff Directory'!$N7) | G9: =IF($F9="","",IF($F9-$B$3<0,"❌ OVERDUE BY "&TEXT($B$3-$F9,"0")&" d",IF($F9-$B$3<=$B$4,"🔴 "&TEXT($F9-$B$3,"0")&" d",IF($F9-$B$3<=$B$5,"🟡 "&TEXT($F9-$B$3,"0")&" d","🟢 OK")))) | H9: =IF('Staff Directory'!$O7="","",'Staff Directory'!$O7) | I9: =IF($H9="","",IF($H9-$B$3<0,"❌ OVERDUE BY "&TEXT($B$3-$H9,"0")&" d",IF($H9-$B$3<=$B$4,"🔴 "&TEXT($H9-$B$3,"0")&" d",IF($H9-$B$3<=$B$5,"🟡 "&TEXT($H9-$B$3,"0")&" d","🟢 OK"))))
A10: =IF('Staff Directory'!$A8="","",'Staff Directory'!$A8) | B10: =IF('Staff Directory'!$L8="","",'Staff Directory'!$L8) | C10: =IF($B10="","",IF($B10-$B$3<0,"❌ OVERDUE BY "&TEXT($B$3-$B10,"0")&" d",IF($B10-$B$3<=$B$4,"🔴 "&TEXT($B10-$B$3,"0")&" d",IF($B10-$B$3<=$B$5,"🟡 "&TEXT($B10-$B$3,"0")&" d","🟢 OK")))) | D10: =IF('Staff Directory'!$M8="","",'Staff Directory'!$M8) | E10: =IF($D10="","",IF($D10-$B$3<0,"❌ OVERDUE BY "&TEXT($B$3-$D10,"0")&" d",IF($D10-$B$3<=$B$4,"🔴 "&TEXT($D10-$B$3,"0")&" d",IF($D10-$B$3<=$B$5,"🟡 "&TEXT($D10-$B$3,"0")&" d","🟢 OK")))) | F10: =IF('Staff Directory'!$N8="","",'Staff Directory'!$N8) | G10: =IF($F10="","",IF($F10-$B$3<0,"❌ OVERDUE BY "&TEXT($B$3-$F10,"0")&" d",IF($F10-$B$3<=$B$4,"🔴 "&TEXT($F10-$B$3,"0")&" d",IF($F10-$B$3<=$B$5,"🟡 "&TEXT($F10-$B$3,"0")&" d","🟢 OK")))) | H10: =IF('Staff Directory'!$O8="","",'Staff Directory'!$O8) | I10: =IF($H10="","",IF($H10-$B$3<0,"❌ OVERDUE BY "&TEXT($B$3-$H10,"0")&" d",IF($H10-$B$3<=$B$4,"🔴 "&TEXT($H10-$B$3,"0")&" d",IF($H10-$B$3<=$B$5,"🟡 "&TEXT($H10-$B$3,"0")&" d","🟢 OK"))))
A11: =IF('Staff Directory'!$A9="","",'Staff Directory'!$A9) | B11: =IF('Staff Directory'!$L9="","",'Staff Directory'!$L9) | C11: =IF($B11="","",IF($B11-$B$3<0,"❌ OVERDUE BY "&TEXT($B$3-$B11,"0")&" d",IF($B11-$B$3<=$B$4,"🔴 "&TEXT($B11-$B$3,"0")&" d",IF($B11-$B$3<=$B$5,"🟡 "&TEXT($B11-$B$3,"0")&" d","🟢 OK")))) | D11: =IF('Staff Directory'!$M9="","",'Staff Directory'!$M9) | E11: =IF($D11="","",IF($D11-$B$3<0,"❌ OVERDUE BY "&TEXT($B$3-$D11,"0")&" d",IF($D11-$B$3<=$B$4,"🔴 "&TEXT($D11-$B$3,"0")&" d",IF($D11-$B$3<=$B$5,"🟡 "&TEXT($D11-$B$3,"0")&" d","🟢 OK")))) | F11: =IF('Staff Directory'!$N9="","",'Staff Directory'!$N9) | G11: =IF($F11="","",IF($F11-$B$3<0,"❌ OVERDUE BY "&TEXT($B$3-$F11,"0")&" d",IF($F11-$B$3<=$B$4,"🔴 "&TEXT($F11-$B$3,"0")&" d",IF($F11-$B$3<=$B$5,"🟡 "&TEXT($F11-$B$3,"0")&" d","🟢 OK")))) | H11: =IF('Staff Directory'!$O9="","",'Staff Directory'!$O9) | I11: =IF($H11="","",IF($H11-$B$3<0,"❌ OVERDUE BY "&TEXT($B$3-$H11,"0")&" d",IF($H11-$B$3<=$B$4,"🔴 "&TEXT($H11-$B$3,"0")&" d",IF($H11-$B$3<=$B$5,"🟡 "&TEXT($H11-$B$3,"0")&" d","🟢 OK"))))
A12: =IF('Staff Directory'!$A10="","",'Staff Directory'!$A10) | B12: =IF('Staff Directory'!$L10="","",'Staff Directory'!$L10) | C12: =IF($B12="","",IF($B12-$B$3<0,"❌ OVERDUE BY "&TEXT($B$3-$B12,"0")&" d",IF($B12-$B$3<=$B$4,"🔴 "&TEXT($B12-$B$3,"0")&" d",IF($B12-$B$3<=$B$5,"🟡 "&TEXT($B12-$B$3,"0")&" d","🟢 OK")))) | D12: =IF('Staff Directory'!$M10="","",'Staff Directory'!$M10) | E12: =IF($D12="","",IF($D12-$B$3<0,"❌ OVERDUE BY "&TEXT($B$3-$D12,"0")&" d",IF($D12-$B$3<=$B$4,"🔴 "&TEXT($D12-$B$3,"0")&" d",IF($D12-$B$3<=$B$5,"🟡 "&TEXT($D12-$B$3,"0")&" d","🟢 OK")))) | F12: =IF('Staff Directory'!$N10="","",'Staff Directory'!$N10) | G12: =IF($F12="","",IF($F12-$B$3<0,"❌ OVERDUE BY "&TEXT($B$3-$F12,"0")&" d",IF($F12-$B$3<=$B$4,"🔴 "&TEXT($F12-$B$3,"0")&" d",IF($F12-$B$3<=$B$5,"🟡 "&TEXT($F12-$B$3,"0")&" d","🟢 OK")))) | H12: =IF('Staff Directory'!$O10="","",'Staff Directory'!$O10) | I12: =IF($H12="","",IF($H12-$B$3<0,"❌ OVERDUE BY "&TEXT($B$3-$H12,"0")&" d",IF($H12-$B$3<=$B$4,"🔴 "&TEXT($H12-$B$3,"0")&" d",IF($H12-$B$3<=$B$5,"🟡 "&TEXT($H12-$B$3,"0")&" d","🟢 OK"))))
A13: =IF('Staff Directory'!$A11="","",'Staff Directory'!$A11) | B13: =IF('Staff Directory'!$L11="","",'Staff Directory'!$L11) | C13: =IF($B13="","",IF($B13-$B$3<0,"❌ OVERDUE BY "&TEXT($B$3-$B13,"0")&" d",IF($B13-$B$3<=$B$4,"🔴 "&TEXT($B13-$B$3,"0")&" d",IF($B13-$B$3<=$B$5,"🟡 "&TEXT($B13-$B$3,"0")&" d","🟢 OK")))) | D13: =IF('Staff Directory'!$M11="","",'Staff Directory'!$M11) | E13: =IF($D13="","",IF($D13-$B$3<0,"❌ OVERDUE BY "&TEXT($B$3-$D13,"0")&" d",IF($D13-$B$3<=$B$4,"🔴 "&TEXT($D13-$B$3,"0")&" d",IF($D13-$B$3<=$B$5,"🟡 "&TEXT($D13-$B$3,"0")&" d","🟢 OK")))) | F13: =IF('Staff Directory'!$N11="","",'Staff Directory'!$N11) | G13: =IF($F13="","",IF($F13-$B$3<0,"❌ OVERDUE BY "&TEXT($B$3-$F13,"0")&" d",IF($F13-$B$3<=$B$4,"🔴 "&TEXT($F13-$B$3,"0")&" d",IF($F13-$B$3<=$B$5,"🟡 "&TEXT($F13-$B$3,"0")&" d","🟢 OK")))) | H13: =IF('Staff Directory'!$O11="","",'Staff Directory'!$O11) | I13: =IF($H13="","",IF($H13-$B$3<0,"❌ OVERDUE BY "&TEXT($B$3-$H13,"0")&" d",IF($H13-$B$3<=$B$4,"🔴 "&TEXT($H13-$B$3,"0")&" d",IF($H13-$B$3<=$B$5,"🟡 "&TEXT($H13-$B$3,"0")&" d","🟢 OK"))))
A14: =IF('Staff Directory'!$A12="","",'Staff Directory'!$A12) | B14: =IF('Staff Directory'!$L12="","",'Staff Directory'!$L12) | C14: =IF($B14="","",IF($B14-$B$3<0,"❌ OVERDUE BY "&TEXT($B$3-$B14,"0")&" d",IF($B14-$B$3<=$B$4,"🔴 "&TEXT($B14-$B$3,"0")&" d",IF($B14-$B$3<=$B$5,"🟡 "&TEXT($B14-$B$3,"0")&" d","🟢 OK")))) | D14: =IF('Staff Directory'!$M12="","",'Staff Directory'!$M12) | E14: =IF($D14="","",IF($D14-$B$3<0,"❌ OVERDUE BY "&TEXT($B$3-$D14,"0")&" d",IF($D14-$B$3<=$B$4,"🔴 "&TEXT($D14-$B$3,"0")&" d",IF($D14-$B$3<=$B$5,"🟡 "&TEXT($D14-$B$3,"0")&" d","🟢 OK")))) | F14: =IF('Staff Directory'!$N12="","",'Staff Directory'!$N12) | G14: =IF($F14="","",IF($F14-$B$3<0,"❌ OVERDUE BY "&TEXT($B$3-$F14,"0")&" d",IF($F14-$B$3<=$B$4,"🔴 "&TEXT($F14-$B$3,"0")&" d",IF($F14-$B$3<=$B$5,"🟡 "&TEXT($F14-$B$3,"0")&" d","🟢 OK")))) | H14: =IF('Staff Directory'!$O12="","",'Staff Directory'!$O12) | I14: =IF($H14="","",IF($H14-$B$3<0,"❌ OVERDUE BY "&TEXT($B$3-$H14,"0")&" d",IF($H14-$B$3<=$B$4,"🔴 "&TEXT($H14-$B$3,"0")&" d",IF($H14-$B$3<=$B$5,"🟡 "&TEXT($H14-$B$3,"0")&" d","🟢 OK"))))
A15: =IF('Staff Directory'!$A13="","",'Staff Directory'!$A13) | B15: =IF('Staff Directory'!$L13="","",'Staff Directory'!$L13) | C15: =IF($B15="","",IF($B15-$B$3<0,"❌ OVERDUE BY "&TEXT($B$3-$B15,"0")&" d",IF($B15-$B$3<=$B$4,"🔴 "&TEXT($B15-$B$3,"0")&" d",IF($B15-$B$3<=$B$5,"🟡 "&TEXT($B15-$B$3,"0")&" d","🟢 OK")))) | D15: =IF('Staff Directory'!$M13="","",'Staff Directory'!$M13) | E15: =IF($D15="","",IF($D15-$B$3<0,"❌ OVERDUE BY "&TEXT($B$3-$D15,"0")&" d",IF($D15-$B$3<=$B$4,"🔴 "&TEXT($D15-$B$3,"0")&" d",IF($D15-$B$3<=$B$5,"🟡 "&TEXT($D15-$B$3,"0")&" d","🟢 OK")))) | F15: =IF('Staff Directory'!$N13="","",'Staff Directory'!$N13) | G15: =IF($F15="","",IF($F15-$B$3<0,"❌ OVERDUE BY "&TEXT($B$3-$F15,"0")&" d",IF($F15-$B$3<=$B$4,"🔴 "&TEXT($F15-$B$3,"0")&" d",IF($F15-$B$3<=$B$5,"🟡 "&TEXT($F15-$B$3,"0")&" d","🟢 OK")))) | H15: =IF('Staff Directory'!$O13="","",'Staff Directory'!$O13) | I15: =IF($H15="","",IF($H15-$B$3<0,"❌ OVERDUE BY "&TEXT($B$3-$H15,"0")&" d",IF($H15-$B$3<=$B$4,"🔴 "&TEXT($H15-$B$3,"0")&" d",IF($H15-$B$3<=$B$5,"🟡 "&TEXT($H15-$B$3,"0")&" d","🟢 OK"))))
A16: =IF('Staff Directory'!$A14="","",'Staff Directory'!$A14) | B16: =IF('Staff Directory'!$L14="","",'Staff Directory'!$L14) | C16: =IF($B16="","",IF($B16-$B$3<0,"❌ OVERDUE BY "&TEXT($B$3-$B16,"0")&" d",IF($B16-$B$3<=$B$4,"🔴 "&TEXT($B16-$B$3,"0")&" d",IF($B16-$B$3<=$B$5,"🟡 "&TEXT($B16-$B$3,"0")&" d","🟢 OK")))) | D16: =IF('Staff Directory'!$M14="","",'Staff Directory'!$M14) | E16: =IF($D16="","",IF($D16-$B$3<0,"❌ OVERDUE BY "&TEXT($B$3-$D16,"0")&" d",IF($D16-$B$3<=$B$4,"🔴 "&TEXT($D16-$B$3,"0")&" d",IF($D16-$B$3<=$B$5,"🟡 "&TEXT($D16-$B$3,"0")&" d","🟢 OK")))) | F16: =IF('Staff Directory'!$N14="","",'Staff Directory'!$N14) | G16: =IF($F16="","",IF($F16-$B$3<0,"❌ OVERDUE BY "&TEXT($B$3-$F16,"0")&" d",IF($F16-$B$3<=$B$4,"🔴 "&TEXT($F16-$B$3,"0")&" d",IF($F16-$B$3<=$B$5,"🟡 "&TEXT($F16-$B$3,"0")&" d","🟢 OK")))) | H16: =IF('Staff Directory'!$O14="","",'Staff Directory'!$O14) | I16: =IF($H16="","",IF($H16-$B$3<0,"❌ OVERDUE BY "&TEXT($B$3-$H16,"0")&" d",IF($H16-$B$3<=$B$4,"🔴 "&TEXT($H16-$B$3,"0")&" d",IF($H16-$B$3<=$B$5,"🟡 "&TEXT($H16-$B$3,"0")&" d","🟢 OK"))))
A17: =IF('Staff Directory'!$A15="","",'Staff Directory'!$A15) | B17: =IF('Staff Directory'!$L15="","",'Staff Directory'!$L15) | C17: =IF($B17="","",IF($B17-$B$3<0,"❌ OVERDUE BY "&TEXT($B$3-$B17,"0")&" d",IF($B17-$B$3<=$B$4,"🔴 "&TEXT($B17-$B$3,"0")&" d",IF($B17-$B$3<=$B$5,"🟡 "&TEXT($B17-$B$3,"0")&" d","🟢 OK")))) | D17: =IF('Staff Directory'!$M15="","",'Staff Directory'!$M15) | E17: =IF($D17="","",IF($D17-$B$3<0,"❌ OVERDUE BY "&TEXT($B$3-$D17,"0")&" d",IF($D17-$B$3<=$B$4,"🔴 "&TEXT($D17-$B$3,"0")&" d",IF($D17-$B$3<=$B$5,"🟡 "&TEXT($D17-$B$3,"0")&" d","🟢 OK")))) | F17: =IF('Staff Directory'!$N15="","",'Staff Directory'!$N15) | G17: =IF($F17="","",IF($F17-$B$3<0,"❌ OVERDUE BY "&TEXT($B$3-$F17,"0")&" d",IF($F17-$B$3<=$B$4,"🔴 "&TEXT($F17-$B$3,"0")&" d",IF($F17-$B$3<=$B$5,"🟡 "&TEXT($F17-$B$3,"0")&" d","🟢 OK")))) | H17: =IF('Staff Directory'!$O15="","",'Staff Directory'!$O15) | I17: =IF($H17="","",IF($H17-$B$3<0,"❌ OVERDUE BY "&TEXT($B$3-$H17,"0")&" d",IF($H17-$B$3<=$B$4,"🔴 "&TEXT($H17-$B$3,"0")&" d",IF($H17-$B$3<=$B$5,"🟡 "&TEXT($H17-$B$3,"0")&" d","🟢 OK"))))
A18: =IF('Staff Directory'!$A16="","",'Staff Directory'!$A16) | B18: =IF('Staff Directory'!$L16="","",'Staff Directory'!$L16) | C18: =IF($B18="","",IF($B18-$B$3<0,"❌ OVERDUE BY "&TEXT($B$3-$B18,"0")&" d",IF($B18-$B$3<=$B$4,"🔴 "&TEXT($B18-$B$3,"0")&" d",IF($B18-$B$3<=$B$5,"🟡 "&TEXT($B18-$B$3,"0")&" d","🟢 OK")))) | D18: =IF('Staff Directory'!$M16="","",'Staff Directory'!$M16) | E18: =IF($D18="","",IF($D18-$B$3<0,"❌ OVERDUE BY "&TEXT($B$3-$D18,"0")&" d",IF($D18-$B$3<=$B$4,"🔴 "&TEXT($D18-$B$3,"0")&" d",IF($D18-$B$3<=$B$5,"🟡 "&TEXT($D18-$B$3,"0")&" d","🟢 OK")))) | F18: =IF('Staff Directory'!$N16="","",'Staff Directory'!$N16) | G18: =IF($F18="","",IF($F18-$B$3<0,"❌ OVERDUE BY "&TEXT($B$3-$F18,"0")&" d",IF($F18-$B$3<=$B$4,"🔴 "&TEXT($F18-$B$3,"0")&" d",IF($F18-$B$3<=$B$5,"🟡 "&TEXT($F18-$B$3,"0")&" d","🟢 OK")))) | H18: =IF('Staff Directory'!$O16="","",'Staff Directory'!$O16) | I18: =IF($H18="","",IF($H18-$B$3<0,"❌ OVERDUE BY "&TEXT($B$3-$H18,"0")&" d",IF($H18-$B$3<=$B$4,"🔴 "&TEXT($H18-$B$3,"0")&" d",IF($H18-$B$3<=$B$5,"🟡 "&TEXT($H18-$B$3,"0")&" d","🟢 OK"))))
... A36: =IF('Staff Directory'!$A34="","",'Staff Directory'!$A34) | B36: =IF('Staff Directory'!$L34="","",'Staff Directory'!$L34) | C36: =IF($B36="","",IF($B36-$B$3<0,"❌ OVERDUE BY "&TEXT($B$3-$B36,"0")&" d",IF($B36-$B$3<=$B$4,"🔴 "&TEXT($B36-$B$3,"0")&" d",IF($B36-$B$3<=$B$5,"🟡 "&TEXT($B36-$B$3,"0")&" d","🟢 OK")))) | D36: =IF('Staff Directory'!$M34="","",'Staff Directory'!$M34) | E36: =IF($D36="","",IF($D36-$B$3<0,"❌ OVERDUE BY "&TEXT($B$3-$D36,"0")&" d",IF($D36-$B$3<=$B$4,"🔴 "&TEXT($D36-$B$3,"0")&" d",IF($D36-$B$3<=$B$5,"🟡 "&TEXT($D36-$B$3,"0")&" d","🟢 OK")))) | F36: =IF('Staff Directory'!$N34="","",'Staff Directory'!$N34) | G36: =IF($F36="","",IF($F36-$B$3<0,"❌ OVERDUE BY "&TEXT($B$3-$F36,"0")&" d",IF($F36-$B$3<=$B$4,"🔴 "&TEXT($F36-$B$3,"0")&" d",IF($F36-$B$3<=$B$5,"🟡 "&TEXT($F36-$B$3,"0")&" d","🟢 OK")))) | H36: =IF('Staff Directory'!$O34="","",'Staff Directory'!$O34) | I36: =IF($H36="","",IF($H36-$B$3<0,"❌ OVERDUE BY "&TEXT($B$3-$H36,"0")&" d",IF($H36-$B$3<=$B$4,"🔴 "&TEXT($H36-$B$3,"0")&" d",IF($H36-$B$3<=$B$5,"🟡 "&TEXT($H36-$B$3,"0")&" d","🟢 OK"))))
A38: ▸ This tab is NOT typed into: the four dates come from the "Staff Directory" tab (columns L, M, N and O) for the 30 directory rows. If an employee does not appear, a date is missing there.
A39: ▸ The only editable cells are the two thresholds above (green cells). The three counters on the right count the alerts across the four columns at once.
A40: ▸ For seasonal and temporary staff, enter the end date so the alert reminds you in time to extend, rehire or close out the final paycheck (final pay rules vary by state).
A41: ▸ "Today's date" (B3) is =TODAY() and Excel recalculates it every time you open the file. In the PREVIEW on a phone or in Google Drive, which does not recalculate, you will see the date you downloaded the kit and the traffic lights of THAT day: open it in Excel or LibreOffice before trusting the alerts.
A43: © 2026 AI Chef Pro · aichef.pro
