Workbook

Sheet Instrucciones
A1: Auditoría Interna de Servicio
A2: AI Chef Pro · aichef.pro — Manual del Manager de Restaurante
A4: Instrucciones de uso
A5: 1. Imprime la hoja «Auditoría» o llévala en el móvil y recorre el local como si fueras un cliente: desde la reserva hasta la despedida en la puerta. Puntúa cada punto de 0 a 5 en la columna de la visita.
A6: 2. Escribe la observación al lado. Un 2 sin observación no sirve de nada dentro de un mes: nadie se acuerda de por qué era un 2.
A7: 3. Pon la fecha y quién audita en la cabecera de cada visita. Alterna visitas propias con alguna de cliente misterioso: uno ve lo que conoce, el otro ve lo que un cliente ve de verdad.
A8: 4. El peso de cada punto (1 a 3) es tuyo. Un aseo sucio no vale lo mismo que una planta seca, y por eso la puntuación es PONDERADA.
A9: 5. Si un punto no aplica en tu casa, deja la celda VACÍA: su peso sale del cálculo. Puntuar 0 es decir que se hace mal, no que no aplica.
A10: 6. Lee «Resumen por Área». Ahí está lo que la media global esconde: un área puede empeorar visita tras visita mientras el total sube.
A11: 7. «Histórico» pone las tres visitas una debajo de otra y las dibuja. Una auditoría suelta es una foto; tres seguidas son una tendencia, que es lo único que sirve para decidir.
A12: 8. Cada punto por debajo del umbral ámbar se convierte en una línea del plan de acción del libro de reuniones, con responsable y fecha. Auditar sin plan de acción es hacerse una lista de quejas a uno mismo.
A14: Celdas verdes = campos editables
... A34: Versión 1.0 · septiembre 2026 · aichef.pro/manual-manager-restaurante · info@aichef.pro

Sheet Auditoría
A1: Auditoría de servicio — 60 puntos, 6 áreas, 3 visitas
A2: AI Chef Pro · aichef.pro — Manual del Manager de Restaurante
C3: Fecha de la visita | E3: 46185 | G3: 46220 | I3: 46255
C4: Auditor | E4: P01 (visita propia) | G4: Cliente misterioso externo | I4: P01 (visita propia)
A6: # | B6: Área | C6: Punto de control | D6: Peso (1-3) | E6: Visita 1: puntuación (0-5) | F6: Visita 1: observación | G6: Visita 2: puntuación (0-5) | H6: Visita 2: observación | I6: Visita 3: puntuación (0-5) | J6: Visita 3: observación
A7: 1 | B7: Llegada y reserva | C7: La reserva telefónica se atiende antes de cuatro tonos | D7: 2 | E7: 4 | G7: 5 | I7: 5
A8: 2 | B8: Llegada y reserva | C8: Se confirma nombre, hora, número de comensales y teléfono | D8: 2 | E8: 4 | G8: 4 | I8: 4
A9: 3 | B9: Llegada y reserva | C9: Se pregunta por alergias e intolerancias al reservar | D9: 3 | E9: 3 | G9: 3 | I9: 3
A10: 4 | B10: Llegada y reserva | C10: La reserva online se confirma por escrito el mismo día | D10: 2 | E10: 2 | G10: 3 | I10: 4
A11: 5 | B11: Llegada y reserva | C11: Hay alguien recibiendo en la puerta al abrir el servicio | D11: 3 | E11: 3 | G11: 4 | I11: 5
A12: 6 | B12: Llegada y reserva | C12: Se saluda y se acompaña a la mesa en menos de un minuto | D12: 3 | E12: 4 | G12: 4 | I12: 5
A13: 7 | B13: Llegada y reserva | C13: La mesa está montada y limpia cuando llega el cliente | D13: 3 | E13: 3 | G13: 4 | I13: 3
A14: 8 | B14: Llegada y reserva | C14: Se ofrece dónde dejar abrigos y bolsos | D14: 1 | E14: 2 | G14: 3 | I14: 3
A15: 9 | B15: Llegada y reserva | C15: Si hay demora, se informa del tiempo real de espera | D15: 3 | E15: 3 | G15: 3 | I15: 4
A16: 10 | B16: Llegada y reserva | C16: El acceso está libre de obstáculos y es practicable | D16: 2 | E16: 4 | G16: 4 | I16: 5
A17: 11 | B17: Sala y ambiente | C17: Temperatura agradable en toda la sala, también junto a la puerta | D17: 2 | E17: 4 | G17: 5 | I17: 4
A18: 12 | B18: Sala y ambiente | C18: Volumen de la música adecuado al turno | D18: 2 | E18: 4 | G18: 3 | I18: 3
... A66: 60 | B66: Marca y digital | C66: Hay publicación en redes en el último mes | D66: 1 | E66: 2 | G66: 2 | I66: 3
A67: RESULTADO POR VISITA — lo calcula el libro
C68: Puntos valorados | E68: =SUMPRODUCT(--ISNUMBER(E$7:E$66)) -> 60 | G68: =SUMPRODUCT(--ISNUMBER(G$7:G$66)) -> 60 | I68: =SUMPRODUCT(--ISNUMBER(I$7:I$66)) -> 60
C69: Peso valorado | E69: =SUMPRODUCT($D$7:$D$66,--ISNUMBER(E$7:E$66)) -> 144 | G69: =SUMPRODUCT($D$7:$D$66,--ISNUMBER(G$7:G$66)) -> 144 | I69: =SUMPRODUCT($D$7:$D$66,--ISNUMBER(I$7:I$66)) -> 144
C70: Suma de peso por puntuación | E70: =IFERROR(SUMPRODUCT($D$7:$D$66,E$7:E$66),"") -> 479 | G70: =IFERROR(SUMPRODUCT($D$7:$D$66,G$7:G$66),"") -> 526 | I70: =IFERROR(SUMPRODUCT($D$7:$D$66,I$7:I$66),"") -> 570
C71: PUNTUACIÓN PONDERADA (0-5) | E71: =IFERROR(IF(E$69=0,"",E$70/E$69),"") -> 3.3263889 | G71: =IFERROR(IF(G$69=0,"",G$70/G$69),"") -> 3.6527778 | I71: =IFERROR(IF(I$69=0,"",I$70/I$69),"") -> 3.9583333
C72: CUMPLIMIENTO (%) | E72: =IFERROR(IF(OR(E$71="",$D$75=""),"",E$71/$D$75),"") -> 0.66527778 | G72: =IFERROR(IF(OR(G$71="",$D$75=""),"",G$71/$D$75),"") -> 0.73055556 | I72: =IFERROR(IF(OR(I$71="",$D$75=""),"",I$71/$D$75),"") -> 0.79166667
C73: Media simple (0-5) | E73: =IFERROR(IF(E$68=0,"",AVERAGE(E$7:E$66)),"") -> 3.3333333 | G73: =IFERROR(IF(G$68=0,"",AVERAGE(G$7:G$66)),"") -> 3.65 | I73: =IFERROR(IF(I$68=0,"",AVERAGE(I$7:I$66)),"") -> 3.9166667
A74: PARÁMETROS DEL LIBRO — celdas verdes
C75: Escala máxima de puntuación | D75: 5 | F75: Con qué nota máxima puntúas. De aquí sale el porcentaje de cumplimiento.
C76: Umbral verde (0-5) | D76: 4 | F76: A partir de esta puntuación, la celda se pone en verde: es tu estándar cumplido.
C77: Umbral ámbar (0-5) | D77: 3 | F77: Por debajo de esta puntuación, rojo: no es un matiz, es algo que hay que arreglar antes de la próxima visita.
C78: Tolerancia para leer la tendencia (puntos) | D78: 0.05 | F78: Por debajo de esta diferencia entre la primera visita y la última, el área se lee como «Igual»: no toda oscilación es una tendencia.
C80: Un punto con peso 3 y puntuación 2 pesa seis veces más en el resultado que un punto con peso 1 y la misma nota. Por eso los pesos se ponen ANTES de auditar, no después de ver el resultado.

Sheet Resumen por Área
A1: Resumen por área — lo que la media global esconde
A2: AI Chef Pro · aichef.pro — Manual del Manager de Restaurante
A3: PARÁMETROS EN VIGOR — se leen de la hoja «Auditoría»; cámbialos allí, no aquí
A4: Escala máxima de puntuación | D4: =IF(Auditoría!$D$75="","",Auditoría!$D$75) -> 5
A5: Umbral verde (0-5) | D5: =IF(Auditoría!$D$76="","",Auditoría!$D$76) -> 4
A6: Umbral ámbar (0-5) | D6: =IF(Auditoría!$D$77="","",Auditoría!$D$77) -> 3
A7: Tolerancia para leer la tendencia (puntos) | D7: =IF(Auditoría!$D$78="","",Auditoría!$D$78) -> 0.05
A9: Área | B9: Puntos de control | C9: Peso del área | D9: Visita 1 (0-5) | E9: Visita 2 (0-5) | F9: Visita 3 (0-5) | G9: Variación de la visita 1 a la 3 | H9: Tendencia | I9: Cumplimiento visita 3 (%) | J9: Notas
A10: Llegada y reserva | B10: =COUNTIF(Auditoría!$B$7:$B$66,$A10) -> 10 | C10: =IFERROR(SUMPRODUCT(--(Auditoría!$B$7:$B$66=$A10),Auditoría!$D$7:$D$66),"") -> 24 | D10: =IFERROR(SUMPRODUCT(--(Auditoría!$B$7:$B$66=$A10),Auditoría!$D$7:$D$66,Auditoría!$E$7:$E$66)/SUMPRODUCT(--(Auditoría!$B$7:$B$66=$A10),Auditoría!$D$7:$D$66,--ISNUMBER(Auditoría!$E$7:$E$66)),"") -> 3.25 | E10: =IFERROR(SUMPRODUCT(--(Auditoría!$B$7:$B$66=$A10),Auditoría!$D$7:$D$66,Auditoría!$G$7:$G$66)/SUMPRODUCT(--(Auditoría!$B$7:$B$66=$A10),Auditoría!$D$7:$D$66,--ISNUMBER(Auditoría!$G$7:$G$66)),"") -> 3.7083333 | F10: =IFERROR(SUMPRODUCT(--(Auditoría!$B$7:$B$66=$A10),Auditoría!$D$7:$D$66,Auditoría!$I$7:$I$66)/SUMPRODUCT(--(Auditoría!$B$7:$B$66=$A10),Auditoría!$D$7:$D$66,--ISNUMBER(Auditoría!$I$7:$I$66)),"") -> 4.125 | G10: =IFERROR(IF(OR($D10="",$F10=""),"",$F10-$D10),"") -> 0.875 | H10: =IFERROR(IF(OR($D10="",$F10=""),"",IF($F10-$D10>$D$7,"Mejora",IF($D10-$F10>$D$7,"Empeora","Igual"))),"") -> Mejora | I10: =IFERROR(IF(OR($F10="",$D$4=""),"",$F10/$D$4),"") -> 0.825
A11: Sala y ambiente | B11: =COUNTIF(Auditoría!$B$7:$B$66,$A11) -> 10 | C11: =IFERROR(SUMPRODUCT(--(Auditoría!$B$7:$B$66=$A11),Auditoría!$D$7:$D$66),"") -> 23 | D11: =IFERROR(SUMPRODUCT(--(Auditoría!$B$7:$B$66=$A11),Auditoría!$D$7:$D$66,Auditoría!$E$7:$E$66)/SUMPRODUCT(--(Auditoría!$B$7:$B$66=$A11),Auditoría!$D$7:$D$66,--ISNUMBER(Auditoría!$E$7:$E$66)),"") -> 3.5217391 | E11: =IFERROR(SUMPRODUCT(--(Auditoría!$B$7:$B$66=$A11),Auditoría!$D$7:$D$66,Auditoría!$G$7:$G$66)/SUMPRODUCT(--(Auditoría!$B$7:$B$66=$A11),Auditoría!$D$7:$D$66,--ISNUMBER(Auditoría!$G$7:$G$66)),"") -> 3.9130435 | F11: =IFERROR(SUMPRODUCT(--(Auditoría!$B$7:$B$66=$A11),Auditoría!$D$7:$D$66,Auditoría!$I$7:$I$66)/SUMPRODUCT(--(Auditoría!$B$7:$B$66=$A11),Auditoría!$D$7:$D$66,--ISNUMBER(Auditoría!$I$7:$I$66)),"") -> 4.173913 | G11: =IFERROR(IF(OR($D11="",$F11=""),"",$F11-$D11),"") -> 0.65217391 | H11: =IFERROR(IF(OR($D11="",$F11=""),"",IF($F11-$D11>$D$7,"Mejora",IF($D11-$F11>$D$7,"Empeora","Igual"))),"") -> Mejora | I11: =IFERROR(IF(OR($F11="",$D$4=""),"",$F11/$D$4),"") -> 0.83478261
A12: Servicio y tiempos | B12: =COUNTIF(Auditoría!$B$7:$B$66,$A12) -> 10 | C12: =IFERROR(SUMPRODUCT(--(Auditoría!$B$7:$B$66=$A12),Auditoría!$D$7:$D$66),"") -> 27 | D12: =IFERROR(SUMPRODUCT(--(Auditoría!$B$7:$B$66=$A12),Auditoría!$D$7:$D$66,Auditoría!$E$7:$E$66)/SUMPRODUCT(--(Auditoría!$B$7:$B$66=$A12),Auditoría!$D$7:$D$66,--ISNUMBER(Auditoría!$E$7:$E$66)),"") -> 2.9259259 | E12: =IFERROR(SUMPRODUCT(--(Auditoría!$B$7:$B$66=$A12),Auditoría!$D$7:$D$66,Auditoría!$G$7:$G$66)/SUMPRODUCT(--(Auditoría!$B$7:$B$66=$A12),Auditoría!$D$7:$D$66,--ISNUMBER(Auditoría!$G$7:$G$66)),"") -> 3.5185185 | F12: =IFERROR(SUMPRODUCT(--(Auditoría!$B$7:$B$66=$A12),Auditoría!$D$7:$D$66,Auditoría!$I$7:$I$66)/SUMPRODUCT(--(Auditoría!$B$7:$B$66=$A12),Auditoría!$D$7:$D$66,--ISNUMBER(Auditoría!$I$7:$I$66)),"") -> 4.037037 | G12: =IFERROR(IF(OR($D12="",$F12=""),"",$F12-$D12),"") -> 1.1111111 | H12: =IFERROR(IF(OR($D12="",$F12=""),"",IF($F12-$D12>$D$7,"Mejora",IF($D12-$F12>$D$7,"Empeora","Igual"))),"") -> Mejora | I12: =IFERROR(IF(OR($F12="",$D$4=""),"",$F12/$D$4),"") -> 0.80740741
A13: Producto y presentación | B13: =COUNTIF(Auditoría!$B$7:$B$66,$A13) -> 10 | C13: =IFERROR(SUMPRODUCT(--(Auditoría!$B$7:$B$66=$A13),Auditoría!$D$7:$D$66),"") -> 24 | D13: =IFERROR(SUMPRODUCT(--(Auditoría!$B$7:$B$66=$A13),Auditoría!$D$7:$D$66,Auditoría!$E$7:$E$66)/SUMPRODUCT(--(Auditoría!$B$7:$B$66=$A13),Auditoría!$D$7:$D$66,--ISNUMBER(Auditoría!$E$7:$E$66)),"") -> 3.75 | E13: =IFERROR(SUMPRODUCT(--(Auditoría!$B$7:$B$66=$A13),Auditoría!$D$7:$D$66,Auditoría!$G$7:$G$66)/SUMPRODUCT(--(Auditoría!$B$7:$B$66=$A13),Auditoría!$D$7:$D$66,--ISNUMBER(Auditoría!$G$7:$G$66)),"") -> 3.9583333 | F13: =IFERROR(SUMPRODUCT(--(Auditoría!$B$7:$B$66=$A13),Auditoría!$D$7:$D$66,Auditoría!$I$7:$I$66)/SUMPRODUCT(--(Auditoría!$B$7:$B$66=$A13),Auditoría!$D$7:$D$66,--ISNUMBER(Auditoría!$I$7:$I$66)),"") -> 4.2916667 | G13: =IFERROR(IF(OR($D13="",$F13=""),"",$F13-$D13),"") -> 0.54166667 | H13: =IFERROR(IF(OR($D13="",$F13=""),"",IF($F13-$D13>$D$7,"Mejora",IF($D13-$F13>$D$7,"Empeora","Igual"))),"") -> Mejora | I13: =IFERROR(IF(OR($F13="",$D$4=""),"",$F13/$D$4),"") -> 0.85833333
A14: Aseos y limpieza | B14: =COUNTIF(Auditoría!$B$7:$B$66,$A14) -> 10 | C14: =IFERROR(SUMPRODUCT(--(Auditoría!$B$7:$B$66=$A14),Auditoría!$D$7:$D$66),"") -> 22 | D14: =IFERROR(SUMPRODUCT(--(Auditoría!$B$7:$B$66=$A14),Auditoría!$D$7:$D$66,Auditoría!$E$7:$E$66)/SUMPRODUCT(--(Auditoría!$B$7:$B$66=$A14),Auditoría!$D$7:$D$66,--ISNUMBER(Auditoría!$E$7:$E$66)),"") -> 3.9545455 | E14: =IFERROR(SUMPRODUCT(--(Auditoría!$B$7:$B$66=$A14),Auditoría!$D$7:$D$66,Auditoría!$G$7:$G$66)/SUMPRODUCT(--(Auditoría!$B$7:$B$66=$A14),Auditoría!$D$7:$D$66,--ISNUMBER(Auditoría!$G$7:$G$66)),"") -> 3.5909091 | F14: =IFERROR(SUMPRODUCT(--(Auditoría!$B$7:$B$66=$A14),Auditoría!$D$7:$D$66,Auditoría!$I$7:$I$66)/SUMPRODUCT(--(Auditoría!$B$7:$B$66=$A14),Auditoría!$D$7:$D$66,--ISNUMBER(Auditoría!$I$7:$I$66)),"") -> 3.1363636 | G14: =IFERROR(IF(OR($D14="",$F14=""),"",$F14-$D14),"") -> -0.81818182 | H14: =IFERROR(IF(OR($D14="",$F14=""),"",IF($F14-$D14>$D$7,"Mejora",IF($D14-$F14>$D$7,"Empeora","Igual"))),"") -> Empeora | I14: =IFERROR(IF(OR($F14="",$D$4=""),"",$F14/$D$4),"") -> 0.62727273
A15: Marca y digital | B15: =COUNTIF(Auditoría!$B$7:$B$66,$A15) -> 10 | C15: =IFERROR(SUMPRODUCT(--(Auditoría!$B$7:$B$66=$A15),Auditoría!$D$7:$D$66),"") -> 24 | D15: =IFERROR(SUMPRODUCT(--(Auditoría!$B$7:$B$66=$A15),Auditoría!$D$7:$D$66,Auditoría!$E$7:$E$66)/SUMPRODUCT(--(Auditoría!$B$7:$B$66=$A15),Auditoría!$D$7:$D$66,--ISNUMBER(Auditoría!$E$7:$E$66)),"") -> 2.6666667 | E15: =IFERROR(SUMPRODUCT(--(Auditoría!$B$7:$B$66=$A15),Auditoría!$D$7:$D$66,Auditoría!$G$7:$G$66)/SUMPRODUCT(--(Auditoría!$B$7:$B$66=$A15),Auditoría!$D$7:$D$66,--ISNUMBER(Auditoría!$G$7:$G$66)),"") -> 3.25 | F15: =IFERROR(SUMPRODUCT(--(Auditoría!$B$7:$B$66=$A15),Auditoría!$D$7:$D$66,Auditoría!$I$7:$I$66)/SUMPRODUCT(--(Auditoría!$B$7:$B$66=$A15),Auditoría!$D$7:$D$66,--ISNUMBER(Auditoría!$I$7:$I$66)),"") -> 3.9166667 | G15: =IFERROR(IF(OR($D15="",$F15=""),"",$F15-$D15),"") -> 1.25 | H15: =IFERROR(IF(OR($D15="",$F15=""),"",IF($F15-$D15>$D$7,"Mejora",IF($D15-$F15>$D$7,"Empeora","Igual"))),"") -> Mejora | I15: =IFERROR(IF(OR($F15="",$D$4=""),"",$F15/$D$4),"") -> 0.78333333
A16: TOTAL (todas las áreas) | B16: =COUNTIF(Auditoría!$B$7:$B$66,"<>") -> 60 | C16: =IFERROR(SUM(Auditoría!$D$7:$D$66),"") -> 144 | D16: =IFERROR(IF(Auditoría!E$71="","",Auditoría!E$71),"") -> 3.3263889 | E16: =IFERROR(IF(Auditoría!G$71="","",Auditoría!G$71),"") -> 3.6527778 | F16: =IFERROR(IF(Auditoría!I$71="","",Auditoría!I$71),"") -> 3.9583333 | G16: =IFERROR(IF(OR($D16="",$F16=""),"",$F16-$D16),"") -> 0.63194444 | H16: =IFERROR(IF(OR($D16="",$F16=""),"",IF($F16-$D16>$D$7,"Mejora",IF($D16-$F16>$D$7,"Empeora","Igual"))),"") -> Mejora | I16: =IFERROR(IF(OR($F16="",$D$4=""),"",$F16/$D$4),"") -> 0.79166667
A18: Mira la fila TOTAL y las seis de arriba a la vez. Si el total mejora y un área empeora, la mejora del resto está tapando un agujero que el cliente sí ve.
A19: La variación son PUNTOS de la escala, no porcentaje: la resta directa entre la tercera visita y la primera.

Sheet Histórico
A1: Histórico — una visita es una foto; tres son una tendencia
A2: AI Chef Pro · aichef.pro — Manual del Manager de Restaurante
C3: Umbral verde (0-5), en vigor | D3: =IF('Resumen por Área'!$D$5="","",'Resumen por Área'!$D$5) -> 4 | F3: Los umbrales se cambian en la hoja «Auditoría»; aquí sólo se leen.
C4: Umbral ámbar (0-5), en vigor | D4: =IF('Resumen por Área'!$D$6="","",'Resumen por Área'!$D$6) -> 3
A5: Visita | B5: Fecha | C5: Auditor | D5: Puntuación ponderada (0-5) | E5: Cumplimiento (%) | F5: Llegada y reserva | G5: Sala y ambiente | H5: Servicio y tiempos | I5: Producto y presentación | J5: Aseos y limpieza | K5: Marca y digital | L5: Notas
A6: 1 | B6: =IF(Auditoría!E$3="","",Auditoría!E$3) -> 46185 | C6: =IF(Auditoría!E$4="","",Auditoría!E$4) -> P01 (visita propia) | D6: =IFERROR(IF(Auditoría!E$71="","",Auditoría!E$71),"") -> 3.3263889 | E6: =IFERROR(IF(Auditoría!E$72="","",Auditoría!E$72),"") -> 0.66527778 | F6: =IFERROR(IF('Resumen por Área'!D$10="","",'Resumen por Área'!D$10),"") -> 3.25 | G6: =IFERROR(IF('Resumen por Área'!D$11="","",'Resumen por Área'!D$11),"") -> 3.5217391 | H6: =IFERROR(IF('Resumen por Área'!D$12="","",'Resumen por Área'!D$12),"") -> 2.9259259 | I6: =IFERROR(IF('Resumen por Área'!D$13="","",'Resumen por Área'!D$13),"") -> 3.75 | J6: =IFERROR(IF('Resumen por Área'!D$14="","",'Resumen por Área'!D$14),"") -> 3.9545455 | K6: =IFERROR(IF('Resumen por Área'!D$15="","",'Resumen por Área'!D$15),"") -> 2.6666667
A7: 2 | B7: =IF(Auditoría!G$3="","",Auditoría!G$3) -> 46220 | C7: =IF(Auditoría!G$4="","",Auditoría!G$4) -> Cliente misterioso externo | D7: =IFERROR(IF(Auditoría!G$71="","",Auditoría!G$71),"") -> 3.6527778 | E7: =IFERROR(IF(Auditoría!G$72="","",Auditoría!G$72),"") -> 0.73055556 | F7: =IFERROR(IF('Resumen por Área'!E$10="","",'Resumen por Área'!E$10),"") -> 3.7083333 | G7: =IFERROR(IF('Resumen por Área'!E$11="","",'Resumen por Área'!E$11),"") -> 3.9130435 | H7: =IFERROR(IF('Resumen por Área'!E$12="","",'Resumen por Área'!E$12),"") -> 3.5185185 | I7: =IFERROR(IF('Resumen por Área'!E$13="","",'Resumen por Área'!E$13),"") -> 3.9583333 | J7: =IFERROR(IF('Resumen por Área'!E$14="","",'Resumen por Área'!E$14),"") -> 3.5909091 | K7: =IFERROR(IF('Resumen por Área'!E$15="","",'Resumen por Área'!E$15),"") -> 3.25
A8: 3 | B8: =IF(Auditoría!I$3="","",Auditoría!I$3) -> 46255 | C8: =IF(Auditoría!I$4="","",Auditoría!I$4) -> P01 (visita propia) | D8: =IFERROR(IF(Auditoría!I$71="","",Auditoría!I$71),"") -> 3.9583333 | E8: =IFERROR(IF(Auditoría!I$72="","",Auditoría!I$72),"") -> 0.79166667 | F8: =IFERROR(IF('Resumen por Área'!F$10="","",'Resumen por Área'!F$10),"") -> 4.125 | G8: =IFERROR(IF('Resumen por Área'!F$11="","",'Resumen por Área'!F$11),"") -> 4.173913 | H8: =IFERROR(IF('Resumen por Área'!F$12="","",'Resumen por Área'!F$12),"") -> 4.037037 | I8: =IFERROR(IF('Resumen por Área'!F$13="","",'Resumen por Área'!F$13),"") -> 4.2916667 | J8: =IFERROR(IF('Resumen por Área'!F$14="","",'Resumen por Área'!F$14),"") -> 3.1363636 | K8: =IFERROR(IF('Resumen por Área'!F$15="","",'Resumen por Área'!F$15),"") -> 3.9166667
A9: LECTURA — lo calcula el libro
B10: Visitas registradas | E10: =COUNTIF($B$6:$B$8,"<>") -> 3
B11: Variación de la primera visita a la última (puntos) | E11: =IFERROR(IF(OR($D$6="",$D$8=""),"",$D$8-$D$6),"") -> 0.63194444
B12: Mejor área en la última visita | E12: =IFERROR(INDEX('Resumen por Área'!$A$10:$A$15,MATCH(MAX('Resumen por Área'!$F$10:$F$15),'Resumen por Área'!$F$10:$F$15,0)),"") -> Producto y presentación
B13: Área más floja en la última visita | E13: =IFERROR(INDEX('Resumen por Área'!$A$10:$A$15,MATCH(MIN('Resumen por Área'!$F$10:$F$15),'Resumen por Área'!$F$10:$F$15,0)),"") -> Aseos y limpieza
B14: Área que más mejora | E14: =IFERROR(INDEX('Resumen por Área'!$A$10:$A$15,MATCH(MAX('Resumen por Área'!$G$10:$G$15),'Resumen por Área'!$G$10:$G$15,0)),"") -> Marca y digital
B15: ÁREA QUE MÁS EMPEORA | E15: =IFERROR(INDEX('Resumen por Área'!$A$10:$A$15,MATCH(MIN('Resumen por Área'!$G$10:$G$15),'Resumen por Área'!$G$10:$G$15,0)),"") -> Aseos y limpieza
B16: Áreas que empeoran | E16: =COUNTIF('Resumen por Área'!$H$10:$H$15,"Empeora") -> 1
B18: El área que más empeora es la primera línea del plan de acción del trimestre siguiente. Con responsable y con fecha, no con buenas intenciones.
