Workbook

Sheet Instrucciones
B2: 📋 BONUS: Checklist Mermas + Inventario
B3: Kit de Escandallos Pro — AI Chef Pro
B4: www.aichef.pro
B6: ▸ Pestaña 'Ventas del periodo': lo que has vendido y cuánto lleva cada ración de cada producto.
B7: ▸ Pestaña 'Inventario': el stock real. Compara lo que gastaste con lo que deberías haber gastado y lo valora en euros.
B8: ▸ Pestaña 'Checklist Mermas': el registro de incidencias del mes.
B9: ▸ Sólo se escriben las celdas VERDES.
B11: Cómo se calcula el consumo teórico
B13: ▸ Consumo teórico = Σ (raciones vendidas del plato × cantidad de ese producto por ración).
B14: ▸ Se rellena en 'Ventas del periodo': una fila por plato, las raciones vendidas en la columna B y la cantidad por ración debajo de cada producto.
B15: ▸ La cantidad es la BRUTA del escandallo (columna «Cant. Bruta», con la merma de despiece ya dentro): si pones la neta, todo el despiece te saldrá como pérdida oculta.
B16: ▸ La fila de TOTALES es la que lee la columna 'Consumo teórico' del inventario. No hay que copiar nada a mano.
... B40: Versión 2.1 · septiembre 2026 · aichef.pro/kit-escandallos · info@aichef.pro

Sheet Inventario
A1: Control de Inventario — Semanal/Mensual
A2: Periodo:
A3: Consumo real = stock inicial + compras − stock final. Consumo teórico = lo que DEBERÍAS haber gastado según lo que vendiste (pestaña «Ventas del periodo»). La diferencia, valorada en euros, es la pérdida oculta: roturas, robos, porcionado descontrolado o escandallos desactualizados.
A4: Producto | B4: Ud. | C4: Stock inicial | D4: Compras | E4: Stock final | F4: Consumo real | G4: Consumo teórico | H4: Diferencia (ud.) | I4: Precio unitario (€) | J4: Valor de la diferencia (€)
A5: Solomillo ternera | B5: kg | C5: 8 | D5: 28 | E5: 8.5 | F5: =IFERROR(IF(SUM(C5:E5)=0,"",C5+D5-E5),"") -> 27.5 | G5: =IFERROR(IF('Ventas del periodo'!C15=0,"",'Ventas del periodo'!C15),"") -> 26.4 | H5: =IFERROR(IF(F5="","",IF(G5="","",F5-G5)),"") -> 1.1 | I5: 26 | J5: =IFERROR(IF(H5="","",H5*I5),"") -> 28.6
A6: Contramuslo pollo | B6: kg | F6: =IFERROR(IF(SUM(C6:E6)=0,"",C6+D6-E6),"") | G6: =IFERROR(IF('Ventas del periodo'!D15=0,"",'Ventas del periodo'!D15),"") | H6: =IFERROR(IF(F6="","",IF(G6="","",F6-G6)),"") | I6: 4.2 | J6: =IFERROR(IF(H6="","",H6*I6),"")
A7: Lubina | B7: kg | C7: 6 | D7: 27 | E7: 5 | F7: =IFERROR(IF(SUM(C7:E7)=0,"",C7+D7-E7),"") -> 28 | G7: =IFERROR(IF('Ventas del periodo'!E15=0,"",'Ventas del periodo'!E15),"") -> 27.2 | H7: =IFERROR(IF(F7="","",IF(G7="","",F7-G7)),"") -> 0.8 | I7: 14 | J7: =IFERROR(IF(H7="","",H7*I7),"") -> 11.2
A8: Langostino | B8: kg | F8: =IFERROR(IF(SUM(C8:E8)=0,"",C8+D8-E8),"") | G8: =IFERROR(IF('Ventas del periodo'!F15=0,"",'Ventas del periodo'!F15),"") | H8: =IFERROR(IF(F8="","",IF(G8="","",F8-G8)),"") | I8: 18 | J8: =IFERROR(IF(H8="","",H8*I8),"")
A9: Patata | B9: kg | C9: 25 | D9: 30 | E9: 22 | F9: =IFERROR(IF(SUM(C9:E9)=0,"",C9+D9-E9),"") -> 33 | G9: =IFERROR(IF('Ventas del periodo'!G15=0,"",'Ventas del periodo'!G15),"") -> 31.2 | H9: =IFERROR(IF(F9="","",IF(G9="","",F9-G9)),"") -> 1.8 | I9: 1.1 | J9: =IFERROR(IF(H9="","",H9*I9),"") -> 1.98
A10: Tomate | B10: kg | C10: 6 | D10: 12 | E10: 6.5 | F10: =IFERROR(IF(SUM(C10:E10)=0,"",C10+D10-E10),"") -> 11.5 | G10: =IFERROR(IF('Ventas del periodo'!H15=0,"",'Ventas del periodo'!H15),"") -> 10.5 | H10: =IFERROR(IF(F10="","",IF(G10="","",F10-G10)),"") -> 1 | I10: 2.4 | J10: =IFERROR(IF(H10="","",H10*I10),"") -> 2.4
A11: Lechuga | B11: kg | C11: 4 | D11: 18 | E11: 4.5 | F11: =IFERROR(IF(SUM(C11:E11)=0,"",C11+D11-E11),"") -> 17.5 | G11: =IFERROR(IF('Ventas del periodo'!I15=0,"",'Ventas del periodo'!I15),"") -> 16.5 | H11: =IFERROR(IF(F11="","",IF(G11="","",F11-G11)),"") -> 1 | I11: 1.8 | J11: =IFERROR(IF(H11="","",H11*I11),"") -> 1.8
A12: Mantequilla | B12: kg | C12: 3 | D12: 2 | E12: 2.5 | F12: =IFERROR(IF(SUM(C12:E12)=0,"",C12+D12-E12),"") -> 2.5 | G12: =IFERROR(IF('Ventas del periodo'!J15=0,"",'Ventas del periodo'!J15),"") -> 2.4 | H12: =IFERROR(IF(F12="","",IF(G12="","",F12-G12)),"") -> 0.1 | I12: 9 | J12: =IFERROR(IF(H12="","",H12*I12),"") -> 0.9
A13: Aceite oliva | B13: L | C13: 10 | D13: 5 | E13: 11.5 | F13: =IFERROR(IF(SUM(C13:E13)=0,"",C13+D13-E13),"") -> 3.5 | G13: =IFERROR(IF('Ventas del periodo'!K15=0,"",'Ventas del periodo'!K15),"") -> 3.1 | H13: =IFERROR(IF(F13="","",IF(G13="","",F13-G13)),"") -> 0.4 | I13: 8.5 | J13: =IFERROR(IF(H13="","",H13*I13),"") -> 3.4
A14: Vino blanco | B14: L | C14: 12 | D14: 6 | E14: 14 | F14: =IFERROR(IF(SUM(C14:E14)=0,"",C14+D14-E14),"") -> 4 | G14: =IFERROR(IF('Ventas del periodo'!L15=0,"",'Ventas del periodo'!L15),"") -> 3.6 | H14: =IFERROR(IF(F14="","",IF(G14="","",F14-G14)),"") -> 0.4 | I14: 4.5 | J14: =IFERROR(IF(H14="","",H14*I14),"") -> 1.8
A15: Harina | B15: kg | F15: =IFERROR(IF(SUM(C15:E15)=0,"",C15+D15-E15),"") | G15: =IFERROR(IF('Ventas del periodo'!M15=0,"",'Ventas del periodo'!M15),"") | H15: =IFERROR(IF(F15="","",IF(G15="","",F15-G15)),"") | I15: 0.9 | J15: =IFERROR(IF(H15="","",H15*I15),"")
A16: Azúcar | B16: kg | F16: =IFERROR(IF(SUM(C16:E16)=0,"",C16+D16-E16),"") | G16: =IFERROR(IF('Ventas del periodo'!N15=0,"",'Ventas del periodo'!N15),"") | H16: =IFERROR(IF(F16="","",IF(G16="","",F16-G16)),"") | I16: 1.2 | J16: =IFERROR(IF(H16="","",H16*I16),"")
A17: Huevos | B17: docena | F17: =IFERROR(IF(SUM(C17:E17)=0,"",C17+D17-E17),"") | G17: =IFERROR(IF('Ventas del periodo'!O15=0,"",'Ventas del periodo'!O15),"") | H17: =IFERROR(IF(F17="","",IF(G17="","",F17-G17)),"") | I17: 3.6 | J17: =IFERROR(IF(H17="","",H17*I17),"")
A18: Nata | B18: L | F18: =IFERROR(IF(SUM(C18:E18)=0,"",C18+D18-E18),"") | G18: =IFERROR(IF('Ventas del periodo'!P15=0,"",'Ventas del periodo'!P15),"") | H18: =IFERROR(IF(F18="","",IF(G18="","",F18-G18)),"") | I18: 2.8 | J18: =IFERROR(IF(H18="","",H18*I18),"")
A19: Chocolate | B19: kg | F19: =IFERROR(IF(SUM(C19:E19)=0,"",C19+D19-E19),"") | G19: =IFERROR(IF('Ventas del periodo'!Q15=0,"",'Ventas del periodo'!Q15),"") | H19: =IFERROR(IF(F19="","",IF(G19="","",F19-G19)),"") | I19: 11 | J19: =IFERROR(IF(H19="","",H19*I19),"")
A20: TOTAL DESVÍO VALORADO | J20: =SUM(J5:J19) -> 52.08
A22: Un desvío POSITIVO significa que has gastado más de lo que vendiste justifica. Empieza siempre por el producto con más euros de desvío, no por el que más unidades se desvía.
A23: Los productos sin ventas declaradas dejan el consumo teórico y la diferencia en blanco: sin ventas no hay teórico con el que comparar, y un cero ahí haría parecer pérdida todo el consumo.

Sheet Ventas del periodo
A1: Ventas del periodo — raciones vendidas por plato
A2: Una fila por plato: cuántas raciones vendiste y cuánto lleva CADA ración de cada producto del inventario. La cantidad es la BRUTA del escandallo (columna «Cant. Bruta», ya con la merma dentro). La fila de TOTALES multiplica raciones × cantidad y es el «Consumo teórico» que aparece en la pestaña «Inventario».
B3: Unidad → | C3: =Inventario!B5 -> kg | D3: =Inventario!B6 -> kg | E3: =Inventario!B7 -> kg | F3: =Inventario!B8 -> kg | G3: =Inventario!B9 -> kg | H3: =Inventario!B10 -> kg | I3: =Inventario!B11 -> kg | J3: =Inventario!B12 -> kg | K3: =Inventario!B13 -> L | L3: =Inventario!B14 -> L | M3: =Inventario!B15 -> kg | N3: =Inventario!B16 -> kg | O3: =Inventario!B17 -> docena | P3: =Inventario!B18 -> L | Q3: =Inventario!B19 -> kg
A4: Plato | B4: Raciones vendidas | C4: =Inventario!A5 -> Solomillo ternera | D4: =Inventario!A6 -> Contramuslo pollo | E4: =Inventario!A7 -> Lubina | F4: =Inventario!A8 -> Langostino | G4: =Inventario!A9 -> Patata | H4: =Inventario!A10 -> Tomate | I4: =Inventario!A11 -> Lechuga | J4: =Inventario!A12 -> Mantequilla | K4: =Inventario!A13 -> Aceite oliva | L4: =Inventario!A14 -> Vino blanco | M4: =Inventario!A15 -> Harina | N4: =Inventario!A16 -> Azúcar | O4: =Inventario!A17 -> Huevos | P4: =Inventario!A18 -> Nata | Q4: =Inventario!A19 -> Chocolate
A5: Solomillo al Pedro Ximénez | B5: 120 | C5: 0.22 | G5: 0.18 | J5: 0.02 | L5: 0.03
A6: Lubina a la plancha | B6: 80 | E6: 0.34 | G6: 0.12 | K6: 0.02
A7: Ensalada de la casa | B7: 150 | H7: 0.07 | I7: 0.11 | K7: 0.01
A15: TOTALES (raciones · consumo teórico) | B15: =SUM(B5:B14) -> 350 | C15: =IFERROR(SUMPRODUCT($B$5:$B$14,C5:C14),"") -> 26.4 | D15: =IFERROR(SUMPRODUCT($B$5:$B$14,D5:D14),"") -> 0 | E15: =IFERROR(SUMPRODUCT($B$5:$B$14,E5:E14),"") -> 27.2 | F15: =IFERROR(SUMPRODUCT($B$5:$B$14,F5:F14),"") -> 0 | G15: =IFERROR(SUMPRODUCT($B$5:$B$14,G5:G14),"") -> 31.2 | H15: =IFERROR(SUMPRODUCT($B$5:$B$14,H5:H14),"") -> 10.5 | I15: =IFERROR(SUMPRODUCT($B$5:$B$14,I5:I14),"") -> 16.5 | J15: =IFERROR(SUMPRODUCT($B$5:$B$14,J5:J14),"") -> 2.4 | ... Q15: =IFERROR(SUMPRODUCT($B$5:$B$14,Q5:Q14),"") -> 0
A17: Los nombres y las unidades de la cabecera se leen de la pestaña «Inventario»: si cambias un producto allí, aquí cambia solo.

Sheet Checklist Mermas
A1: Registro de incidencias (mes)
A2: 90 líneas: unas tres incidencias al día durante un mes. Anota cada merma en cuanto se produce — al final del turno ya no se acuerda nadie.
A3: Fecha | B3: Producto | C3: Cantidad | D3: Motivo | E3: Acción correctiva | F3: Coste estimado (€)
A94: TOTAL MERMAS DEL PERIODO | F94: =SUM(F4:F93) -> 0
