Workbook

Sheet Instrucciones
B2: Control de Temperaturas en Recepción de Mercancías
B4: Cómo usar esta plantilla
B6: ▸ Mide la temperatura del producto al recibirlo, con sonda entre dos envases (nunca pinchando el producto que se va a servir) y anótala en «Temp. recibida (°C)».
B7: ▸ Elige la FAMILIA en el desplegable. El «Límite máx. (°C)» no se escribe: se calcula solo desde la hoja «Límites».
B8: ▸ La columna «Estado» compara los dos valores y responde OK o RECHAZAR, con semáforo. Si falta la temperatura o la familia, se queda en blanco: nunca da OK por defecto.
B9: ▸ Si marcas «Aceptado = S» en una fila con Estado = RECHAZAR, la fila entera se pinta en rojo. Es deliberado: esa combinación hay que justificarla por escrito.
B11: Límites de temperatura en recepción (hoja «Límites»)
B13: ▸ Pescado fresco (en hielo fundente) → máx. 2 °C
B14: ▸ Carne picada → máx. 2 °C
B15: ▸ Preparados de carne (hamburguesas, salchichas frescas, adobados) → máx. 4 °C
B16: ▸ Despojos → máx. 3 °C
B17: ▸ Aves y caza menor → máx. 4 °C
... B33: Versión 2.0 · agosto 2026 · aichef.pro/pack-appcc · info@aichef.pro

Sheet Recepción Temperaturas
A1: Control de Temperaturas — Recepción de Mercancías
A2: Mes: _______________ Responsable: _________________________________
A4: Fecha | B4: Producto | C4: Proveedor | D4: Temp. recibida (°C) | E4: Familia de producto | F4: Límite máx. (°C) | G4: Estado | H4: Lote / Caducidad | I4: Aceptado (S/N) | J4: Observaciones
A5: 05/09/2026 | B5: Merluza fresca | C5: Pescados de la Ría S.L. | D5: 1.5 | E5: Pescado fresco (en hielo fundente) | F5: =IF($E5="","",IFERROR(IF(VLOOKUP($E5,'Límites'!$A$5:$B$20,2,FALSE)="","",VLOOKUP($E5,'Límites'!$A$5:$B$20,2,FALSE)),"")) -> 2 | G5: =IF(OR($D5="",$F5=""),"",IF($F5="N/A","OK",IF($D5<=$F5,"OK","RECHAZAR"))) -> OK | H5: L-2026-0912 / 07-09-26 | I5: S | J5: (ejemplo)
A6: 05/09/2026 | B6: Canal de ternera | C6: Cárnicas del Norte | D6: 5.5 | E6: Canales y despieces de vacuno, ovino y porcino | F6: =IF($E6="","",IFERROR(IF(VLOOKUP($E6,'Límites'!$A$5:$B$20,2,FALSE)="","",VLOOKUP($E6,'Límites'!$A$5:$B$20,2,FALSE)),"")) -> 7 | G6: =IF(OR($D6="",$F6=""),"",IF($F6="N/A","OK",IF($D6<=$F6,"OK","RECHAZAR"))) -> OK | H6: L-2026-0913 / 12-09-26 | I6: S | J6: (ejemplo)
A7: 05/09/2026 | B7: Guisantes congelados | C7: Congelados del Sur | D7: -14 | E7: Congelados | F7: =IF($E7="","",IFERROR(IF(VLOOKUP($E7,'Límites'!$A$5:$B$20,2,FALSE)="","",VLOOKUP($E7,'Límites'!$A$5:$B$20,2,FALSE)),"")) -> -18 | G7: =IF(OR($D7="",$F7=""),"",IF($F7="N/A","OK",IF($D7<=$F7,"OK","RECHAZAR"))) -> RECHAZAR | H7: L-2026-0914 / 03-2028 | I7: N | J7: Devuelto al proveedor · incidencia INC-002 (ejemplo)
F8: =IF($E8="","",IFERROR(IF(VLOOKUP($E8,'Límites'!$A$5:$B$20,2,FALSE)="","",VLOOKUP($E8,'Límites'!$A$5:$B$20,2,FALSE)),"")) | G8: =IF(OR($D8="",$F8=""),"",IF($F8="N/A","OK",IF($D8<=$F8,"OK","RECHAZAR")))
F9: =IF($E9="","",IFERROR(IF(VLOOKUP($E9,'Límites'!$A$5:$B$20,2,FALSE)="","",VLOOKUP($E9,'Límites'!$A$5:$B$20,2,FALSE)),"")) | G9: =IF(OR($D9="",$F9=""),"",IF($F9="N/A","OK",IF($D9<=$F9,"OK","RECHAZAR")))
F10: =IF($E10="","",IFERROR(IF(VLOOKUP($E10,'Límites'!$A$5:$B$20,2,FALSE)="","",VLOOKUP($E10,'Límites'!$A$5:$B$20,2,FALSE)),"")) | G10: =IF(OR($D10="",$F10=""),"",IF($F10="N/A","OK",IF($D10<=$F10,"OK","RECHAZAR")))
F11: =IF($E11="","",IFERROR(IF(VLOOKUP($E11,'Límites'!$A$5:$B$20,2,FALSE)="","",VLOOKUP($E11,'Límites'!$A$5:$B$20,2,FALSE)),"")) | G11: =IF(OR($D11="",$F11=""),"",IF($F11="N/A","OK",IF($D11<=$F11,"OK","RECHAZAR")))
F12: =IF($E12="","",IFERROR(IF(VLOOKUP($E12,'Límites'!$A$5:$B$20,2,FALSE)="","",VLOOKUP($E12,'Límites'!$A$5:$B$20,2,FALSE)),"")) | G12: =IF(OR($D12="",$F12=""),"",IF($F12="N/A","OK",IF($D12<=$F12,"OK","RECHAZAR")))
F13: =IF($E13="","",IFERROR(IF(VLOOKUP($E13,'Límites'!$A$5:$B$20,2,FALSE)="","",VLOOKUP($E13,'Límites'!$A$5:$B$20,2,FALSE)),"")) | G13: =IF(OR($D13="",$F13=""),"",IF($F13="N/A","OK",IF($D13<=$F13,"OK","RECHAZAR")))
F14: =IF($E14="","",IFERROR(IF(VLOOKUP($E14,'Límites'!$A$5:$B$20,2,FALSE)="","",VLOOKUP($E14,'Límites'!$A$5:$B$20,2,FALSE)),"")) | G14: =IF(OR($D14="",$F14=""),"",IF($F14="N/A","OK",IF($D14<=$F14,"OK","RECHAZAR")))
F15: =IF($E15="","",IFERROR(IF(VLOOKUP($E15,'Límites'!$A$5:$B$20,2,FALSE)="","",VLOOKUP($E15,'Límites'!$A$5:$B$20,2,FALSE)),"")) | G15: =IF(OR($D15="",$F15=""),"",IF($F15="N/A","OK",IF($D15<=$F15,"OK","RECHAZAR")))
F16: =IF($E16="","",IFERROR(IF(VLOOKUP($E16,'Límites'!$A$5:$B$20,2,FALSE)="","",VLOOKUP($E16,'Límites'!$A$5:$B$20,2,FALSE)),"")) | G16: =IF(OR($D16="",$F16=""),"",IF($F16="N/A","OK",IF($D16<=$F16,"OK","RECHAZAR")))
F17: =IF($E17="","",IFERROR(IF(VLOOKUP($E17,'Límites'!$A$5:$B$20,2,FALSE)="","",VLOOKUP($E17,'Límites'!$A$5:$B$20,2,FALSE)),"")) | G17: =IF(OR($D17="",$F17=""),"",IF($F17="N/A","OK",IF($D17<=$F17,"OK","RECHAZAR")))
F18: =IF($E18="","",IFERROR(IF(VLOOKUP($E18,'Límites'!$A$5:$B$20,2,FALSE)="","",VLOOKUP($E18,'Límites'!$A$5:$B$20,2,FALSE)),"")) | G18: =IF(OR($D18="",$F18=""),"",IF($F18="N/A","OK",IF($D18<=$F18,"OK","RECHAZAR")))
F19: =IF($E19="","",IFERROR(IF(VLOOKUP($E19,'Límites'!$A$5:$B$20,2,FALSE)="","",VLOOKUP($E19,'Límites'!$A$5:$B$20,2,FALSE)),"")) | G19: =IF(OR($D19="",$F19=""),"",IF($F19="N/A","OK",IF($D19<=$F19,"OK","RECHAZAR")))
... F44: =IF($E44="","",IFERROR(IF(VLOOKUP($E44,'Límites'!$A$5:$B$20,2,FALSE)="","",VLOOKUP($E44,'Límites'!$A$5:$B$20,2,FALSE)),"")) | G44: =IF(OR($D44="",$F44=""),"",IF($F44="N/A","OK",IF($D44<=$F44,"OK","RECHAZAR")))
A46: Si Estado = RECHAZAR: devolver el producto al proveedor y abrir la incidencia en el registro 11 (Acciones Correctivas). Si aun así se acepta, la fila entera se pinta en rojo: es una no conformidad aceptada a sabiendas y hay que justificarla.
A47: Conservar al menos 2 años (trazabilidad y proveedores: 5); el Reg. (CE) 178/2002 exige trazabilidad pero no fija plazo — consulta la guía de prácticas correctas de higiene de tu comunidad autónoma.
A48: — Pack de Plantillas APPCC · AI Chef Pro · aichef.pro

Sheet Límites
A1: Límites legales de temperatura en recepción
A3: Esta hoja alimenta el desplegable «Familia de producto» del registro. Puedes añadir familias propias en las filas verdes libres (A15:C20): el desplegable y la búsqueda del límite las recogen solas.
A4: Familia de producto | B4: Límite máx. (°C) | C4: Base legal / nota
A5: Pescado fresco (en hielo fundente) | B5: 2 | C5: Reg. (CE) 853/2004, Anexo III, Secc. VIII: temperatura del hielo fundente (0-2 °C)
A6: Carne picada | B6: 2 | C6: Reg. (CE) 853/2004, Anexo III, Secc. V, Cap. III
A7: Preparados de carne (hamburguesas, salchichas frescas, adobados) | B7: 4 | C7: Reg. (CE) 853/2004, Anexo III, Secc. V, Cap. III
A8: Despojos | B8: 3 | C8: Reg. (CE) 853/2004, Anexo III, Secc. I
A9: Aves y caza menor | B9: 4 | C9: Reg. (CE) 853/2004, Anexo III, Secc. II y IV
A10: Caza mayor silvestre | B10: 7 | C10: Reg. (CE) 853/2004, Anexo III, Secc. IV
A11: Lácteos y platos preparados refrigerados | B11: 4 | C11: Criterio del establecimiento (RD 1021/2022: la temperatura la fija tu APPCC) y ficha del fabricante
A12: Canales y despieces de vacuno, ovino y porcino | B12: 7 | C12: Reg. (CE) 853/2004, Anexo III, Secc. I
A13: Congelados | B13: -18 | C13: Reg. (CE) 853/2004 y RD 1109/1991
A14: Ambiente (sin control de temperatura) | B14: N/A | C14: Verificar integridad del envase, etiquetado y fecha de caducidad
A22: «N/A» significa que la familia no tiene límite de temperatura en recepción: el Estado del registro devuelve OK y lo que hay que verificar es el envase, el etiquetado y la caducidad.
A23: Las filas A15:C20 están libres para tus propias familias (por ejemplo, un límite más estricto pactado con un proveedor). El desplegable del registro y la búsqueda del límite ya las incluyen.
A24: — Pack de Plantillas APPCC · AI Chef Pro · aichef.pro
