Workbook

Sheet Instrucciones
A1: Selección: Scorecard y Entrevista Estructurada
A2: AI Chef Pro · aichef.pro — Manual del Manager de Restaurante
A4: Instrucciones de uso
A5: 1. Antes de ver a nadie, escribe en «Scorecard» el puesto y las ocho competencias que de verdad importan para ESE puesto, con su peso de 1 a 3. Definir el criterio después de conocer a los candidatos es la forma más fina de engañarse a uno mismo.
A6: 2. Fija el umbral de recomendación (celda verde). Es la media ponderada por debajo de la cual no contratas, por muy simpática que haya sido la conversación.
A7: 3. Pon el nombre de cada candidato en la fila de nombres y puntúa de 1 a 5 en cada competencia, con la escala que tienes arriba a la vista.
A8: 4. Si una competencia NO la valoraste, deja la celda VACÍA. Vacío es «no valorada» y su peso sale del cálculo. Un 0 significa otra cosa: que la persona no tiene esa competencia. No son lo mismo y el libro los trata distinto.
A9: 5. La media ponderada, la media simple, el ranking y la recomendación se calculan solos y se ven juntos en «Comparativa de Candidatos».
A10: 6. Usa «Preguntas por Competencia» durante la entrevista: tres preguntas por competencia, en el mismo orden para todo el mundo. Anota la respuesta en la columna verde y puntúa ahí mismo.
A11: 7. Guarda el libro relleno. Si mañana alguien pregunta por qué se contrató a esa persona, la respuesta está escrita y con fecha.
A13: Celdas verdes = campos editables
A15: LO QUE NO SE PUEDE PREGUNTAR está en la primera pantalla de la hoja de preguntas: art. 9.5 de la Ley 15/2022. Léelo antes de la primera entrevista, no después de la primera denuncia.
... A31: Versión 1.0 · septiembre 2026 · aichef.pro/manual-manager-restaurante · info@aichef.pro

Sheet Scorecard
A1: Scorecard — el mismo criterio para todos los candidatos
A2: AI Chef Pro · aichef.pro — Manual del Manager de Restaurante
A3: EL PUESTO — celdas verdes
B4: Puesto | D4: Camarero/a de sala
B5: Encuadre en el ALEH VI | D5: Área 3ª · Grupo II | I5: El ALEH VI ordena la hostelería en SEIS áreas funcionales y TRES grupos profesionales. «Encargado», «director» o «gerente» son denominaciones de uso, no categorías del convenio: quien lleva el local se clasifica por las funciones que hace. Verificado el 04-09-2026 · ALEH VI (BOE-A-2023-6344, con la modificación BOE-A-2026-18630) · https://www.boe.es/buscar/doc.php?id=BOE-A-2023-6344
B6: Jornada | D6: 40 h/semana, turno partido
B7: Umbral de recomendación (media ponderada, 1-5) | D7: 3.5 | I7: Por debajo de esta media ponderada, el libro dice «No alcanza el umbral». Súbelo o bájalo según lo que puedas permitirte esperar, pero fíjalo ANTES de entrevistar.
B8: Escala de puntuación | D8: 1 = No lo ha hecho nunca o no lo demuestra · 2 = Lo ha hecho poco y con apoyo · 3 = Lo hace de forma autónoma en lo básico · 4 = Lo hace bien y resuelve situaciones difíciles · 5 = Lo hace muy bien y puede enseñárselo a otro
A10: SCORECARD — puntúa de 1 a 5; deja VACÍO lo que no valoraste
A11: # | B11: Competencia | C11: Peso (1-3) | D11: Candidato 1 | E11: Candidato 2 | F11: Candidato 3 | G11: Candidato 4 | H11: Observaciones | I11: Notas
B12: Nombre del candidato | D12: Candidata A | E12: Candidato B | F12: Candidata C | G12: Candidato D
A13: 1 | B13: Experiencia en sala de carta con servicio en mesa | C13: 3 | D13: 4 | E13: 5 | F13: 3 | G13: 2
A14: 2 | B14: Ritmo y aguante en un servicio de 75 cubiertos | C14: 3 | D14: 4 | E14: 4 | F14: 3 | G14: 4
A15: 3 | B15: Trato con el cliente y gestión de una queja | C15: 3 | D15: 5 | E15: 3 | F15: 4 | G15: 3
A16: 4 | B16: Coordinación con cocina | C16: 2 | D16: 4 | E16: 3 | F16: 4 | G16: 3
A17: 5 | B17: Manejo de TPV, comanda y cobro | C17: 2 | D17: 3 | E17: 5 | F17: 3 | G17: 4
A18: 6 | B18: Conocimiento de alérgenos y de la carta | C18: 2 | D18: 3 | E18: 4 | F18: 2 | G18: 2
A19: 7 | B19: Idiomas de sala (inglés y francés) | C19: 1 | D19: 4 | F19: 3 | G19: 2
A20: 8 | B20: Disponibilidad para turno partido y fines de semana | C20: 2 | D20: 5 | E20: 4 | F20: 3 | G20: 5
A21: RESULTADO — lo calcula el libro
B22: Competencias valoradas | D22: =SUMPRODUCT(--ISNUMBER(D$13:D$20)) -> 8 | E22: =SUMPRODUCT(--ISNUMBER(E$13:E$20)) -> 7 | F22: =SUMPRODUCT(--ISNUMBER(F$13:F$20)) -> 8 | G22: =SUMPRODUCT(--ISNUMBER(G$13:G$20)) -> 8
B23: Peso valorado | D23: =SUMPRODUCT($C$13:$C$20,--ISNUMBER(D$13:D$20)) -> 18 | E23: =SUMPRODUCT($C$13:$C$20,--ISNUMBER(E$13:E$20)) -> 17 | F23: =SUMPRODUCT($C$13:$C$20,--ISNUMBER(F$13:F$20)) -> 18 | G23: =SUMPRODUCT($C$13:$C$20,--ISNUMBER(G$13:G$20)) -> 18
B24: Suma de peso por puntuación | D24: =IFERROR(SUMPRODUCT($C$13:$C$20,D$13:D$20),"") -> 73 | E24: =IFERROR(SUMPRODUCT($C$13:$C$20,E$13:E$20),"") -> 68 | F24: =IFERROR(SUMPRODUCT($C$13:$C$20,F$13:F$20),"") -> 57 | G24: =IFERROR(SUMPRODUCT($C$13:$C$20,G$13:G$20),"") -> 57
B25: MEDIA PONDERADA (1-5) | D25: =IFERROR(IF(D$23=0,"",D$24/D$23),"") -> 4.0555556 | E25: =IFERROR(IF(E$23=0,"",E$24/E$23),"") -> 4 | F25: =IFERROR(IF(F$23=0,"",F$24/F$23),"") -> 3.1666667 | G25: =IFERROR(IF(G$23=0,"",G$24/G$23),"") -> 3.1666667
B26: Media simple (1-5) | D26: =IFERROR(IF(D$22=0,"",AVERAGE(D$13:D$20)),"") -> 4 | E26: =IFERROR(IF(E$22=0,"",AVERAGE(E$13:E$20)),"") -> 4 | F26: =IFERROR(IF(F$22=0,"",AVERAGE(F$13:F$20)),"") -> 3.125 | G26: =IFERROR(IF(G$22=0,"",AVERAGE(G$13:G$20)),"") -> 3.125
B27: Recomendación | D27: =IFERROR(IF(OR(D$25="",$D$7=""),"",IF(D$25>=$D$7,"Recomendado","No alcanza el umbral")),"") -> Recomendado | E27: =IFERROR(IF(OR(E$25="",$D$7=""),"",IF(E$25>=$D$7,"Recomendado","No alcanza el umbral")),"") -> Recomendado | F27: =IFERROR(IF(OR(F$25="",$D$7=""),"",IF(F$25>=$D$7,"Recomendado","No alcanza el umbral")),"") -> No alcanza el umbral | G27: =IFERROR(IF(OR(G$25="",$D$7=""),"",IF(G$25>=$D$7,"Recomendado","No alcanza el umbral")),"") -> No alcanza el umbral
B29: La media ponderada usa SOLO las competencias valoradas: mira la fila «Peso valorado». Si un candidato la tiene más baja que los demás, es que se le valoró menos, y compararlo con el resto es comparar dos cosas distintas.
B30: La media simple está ahí para contrastar: cuando la ponderada y la simple se separan mucho, el candidato es fuerte justo en lo que más pesa, o al revés.

Sheet Comparativa de Candidatos
A1: Comparativa — quién va primero y por cuánto
A2: AI Chef Pro · aichef.pro — Manual del Manager de Restaurante
A3: PARÁMETROS EN VIGOR — se leen de la hoja «Scorecard»; cámbialos allí, no aquí
B4: Umbral de recomendación (media ponderada, 1-5) | D4: =IF(Scorecard!$D$7="","",Scorecard!$D$7) -> 3.5
B5: Puesto | D5: =IF(Scorecard!$D$4="","",Scorecard!$D$4) -> Camarero/a de sala
B6: Competencias del scorecard | D6: =COUNTIF(Scorecard!$B$13:$B$20,"<>") -> 8
A8: # | B8: Candidato | C8: Media ponderada | D8: Media simple | E8: Competencias valoradas | F8: Peso valorado | G8: Puesto en el ranking | H8: Recomendación | I8: Notas
A9: 1 | B9: =IF(Scorecard!D$12="","",Scorecard!D$12) -> Candidata A | C9: =IFERROR(IF(Scorecard!D$25="","",Scorecard!D$25),"") -> 4.0555556 | D9: =IFERROR(IF(Scorecard!D$26="","",Scorecard!D$26),"") -> 4 | E9: =IFERROR(Scorecard!D$22,"") -> 8 | F9: =IFERROR(Scorecard!D$23,"") -> 18 | G9: =IFERROR(IF(NOT(ISNUMBER($C9)),"",SUMPRODUCT(--ISNUMBER($C$9:$C$12),--($C$9:$C$12>$C9))+1),"") -> 1 | H9: =IFERROR(IF(OR($C9="",$D$4=""),"",IF($C9>=$D$4,"Recomendado","No alcanza el umbral")),"") -> Recomendado
A10: 2 | B10: =IF(Scorecard!E$12="","",Scorecard!E$12) -> Candidato B | C10: =IFERROR(IF(Scorecard!E$25="","",Scorecard!E$25),"") -> 4 | D10: =IFERROR(IF(Scorecard!E$26="","",Scorecard!E$26),"") -> 4 | E10: =IFERROR(Scorecard!E$22,"") -> 7 | F10: =IFERROR(Scorecard!E$23,"") -> 17 | G10: =IFERROR(IF(NOT(ISNUMBER($C10)),"",SUMPRODUCT(--ISNUMBER($C$9:$C$12),--($C$9:$C$12>$C10))+1),"") -> 2 | H10: =IFERROR(IF(OR($C10="",$D$4=""),"",IF($C10>=$D$4,"Recomendado","No alcanza el umbral")),"") -> Recomendado
A11: 3 | B11: =IF(Scorecard!F$12="","",Scorecard!F$12) -> Candidata C | C11: =IFERROR(IF(Scorecard!F$25="","",Scorecard!F$25),"") -> 3.1666667 | D11: =IFERROR(IF(Scorecard!F$26="","",Scorecard!F$26),"") -> 3.125 | E11: =IFERROR(Scorecard!F$22,"") -> 8 | F11: =IFERROR(Scorecard!F$23,"") -> 18 | G11: =IFERROR(IF(NOT(ISNUMBER($C11)),"",SUMPRODUCT(--ISNUMBER($C$9:$C$12),--($C$9:$C$12>$C11))+1),"") -> 3 | H11: =IFERROR(IF(OR($C11="",$D$4=""),"",IF($C11>=$D$4,"Recomendado","No alcanza el umbral")),"") -> No alcanza el umbral
A12: 4 | B12: =IF(Scorecard!G$12="","",Scorecard!G$12) -> Candidato D | C12: =IFERROR(IF(Scorecard!G$25="","",Scorecard!G$25),"") -> 3.1666667 | D12: =IFERROR(IF(Scorecard!G$26="","",Scorecard!G$26),"") -> 3.125 | E12: =IFERROR(Scorecard!G$22,"") -> 8 | F12: =IFERROR(Scorecard!G$23,"") -> 18 | G12: =IFERROR(IF(NOT(ISNUMBER($C12)),"",SUMPRODUCT(--ISNUMBER($C$9:$C$12),--($C$9:$C$12>$C12))+1),"") -> 3 | H12: =IFERROR(IF(OR($C12="",$D$4=""),"",IF($C12>=$D$4,"Recomendado","No alcanza el umbral")),"") -> No alcanza el umbral
A13: LECTURA — lo calcula el libro
B14: Candidatos evaluados | D14: =COUNTIF($B$9:$B$12,"<>") -> 4
B15: MEJOR CANDIDATO | D15: =IFERROR(INDEX($B$9:$B$12,MATCH(MAX($C$9:$C$12),$C$9:$C$12,0)),"") -> Candidata A
B16: Mejor media ponderada | D16: =IFERROR(MAX($C$9:$C$12),"") -> 4.0555556
B17: Distancia entre el primero y el segundo | D17: =IFERROR(LARGE($C$9:$C$12,1)-LARGE($C$9:$C$12,2),"") -> 0.055555556
B18: Candidatos que alcanzan el umbral | D18: =COUNTIF($H$9:$H$12,"Recomendado") -> 2
B19: Candidatos por debajo del umbral | D19: =COUNTIF($H$9:$H$12,"No alcanza el umbral") -> 2
B21: Si la distancia entre el primero y el segundo es pequeña, el scorecard no ha decidido por ti: decide tú, y escribe en las notas por qué.
B22: Si NADIE alcanza el umbral, la respuesta correcta es no contratar y volver a publicar la oferta. Contratar por debajo del criterio propio se paga en el servicio y en la rotación.

Sheet Preguntas por Competencia
A1: Preguntas por competencia — las mismas para todos
A2: AI Chef Pro · aichef.pro — Manual del Manager de Restaurante
A4: ANTES DE LA PRIMERA PREGUNTA
A5: LO QUE LA LEY NO TE DEJA PREGUNTAR. El art. 9.5 de la Ley 15/2022, de 12 de julio, integral para la igualdad de trato y la no discriminación, dice que el empleador no podrá preguntar sobre las condiciones de salud del aspirante al puesto. Ninguna de las 24 preguntas de esta hoja toca salud, embarazo, planes de maternidad o paternidad, cargas familiares, situación de pareja, religión, origen ni orientación sexual. No es una recomendación de estilo: es lo que separa una entrevista de una infracción. Verificado el 04-09-2026 · Ley 15/2022, art. 9.5 · https://www.boe.es/buscar/act.php?id=BOE-A-2022-11589
A6: Todas las preguntas son de CONDUCTA («cuéntame una vez que...»), no de opinión. Se pregunta por lo que la persona ya ha hecho, que es lo que mejor predice lo que hará en tu servicio. Anota la respuesta en el momento: a la tercera entrevista del día ya no te acuerdas de quién dijo qué.
A8: # | B8: Competencia | C8: Pregunta | D8: Respuesta y notas | E8: Puntuación (1-5) | F8: Candidato
A9: 1 | B9: Experiencia en sala de carta con servicio en mesa | C9: Descríbeme el servicio de un viernes noche en tu último trabajo: cuántas mesas llevabas y con qué apoyo. | F9: Escribe aquí a quién estás entrevistando y guarda una copia del libro por candidato.
A10: 2 | B10: Experiencia en sala de carta con servicio en mesa | C10: Cuéntame cómo levantabas y montabas un rango entre servicio y servicio.
A11: 3 | B11: Experiencia en sala de carta con servicio en mesa | C11: ¿Qué parte del servicio se te da peor y qué haces para compensarlo?
A12: 4 | B12: Ritmo y aguante en un servicio de 75 cubiertos | C12: Cuéntame el servicio más cargado que hayas hecho: qué pasó y cómo acabó.
A13: 5 | B13: Ritmo y aguante en un servicio de 75 cubiertos | C13: Cuando entran cuatro mesas a la vez, ¿en qué orden atiendes y por qué?
A14: 6 | B14: Ritmo y aguante en un servicio de 75 cubiertos | C14: Dime una vez que te quedaste atrás en el servicio. ¿Cómo lo recuperaste?
A15: 7 | B15: Trato con el cliente y gestión de una queja | C15: Cuéntame la última queja seria que atendiste y qué dijiste exactamente.
A16: 8 | B16: Trato con el cliente y gestión de una queja | C16: Un cliente dice que el plato está frío y tú sabes que salió bien. ¿Qué haces?
A17: 9 | B17: Trato con el cliente y gestión de una queja | C17: ¿Qué haces cuando un cliente pide la hoja de reclamaciones?
A18: 10 | B18: Coordinación con cocina | C18: Cuéntame un choque que hayas tenido con cocina y cómo se resolvió.
A19: 11 | B19: Coordinación con cocina | C19: ¿Cómo cantas una modificación de plato para que no se pierda en el pase?
A20: 12 | B20: Coordinación con cocina | C20: ¿Qué información necesitas del jefe de cocina antes de empezar el servicio?
A21: 13 | B21: Manejo de TPV, comanda y cobro | C21: ¿Con qué TPV has trabajado y qué sabes hacer sin ayuda?
... A32: 24 | B32: Disponibilidad para turno partido y fines de semana | C32: ¿Qué esperas de este trabajo dentro de un año?
A33: RESUMEN DE LA ENTREVISTA — lo calcula el libro
B34: Preguntas del guion | E34: =COUNTIF($C$9:$C$32,"<>") -> 24
B35: Preguntas puntuadas | E35: =SUMPRODUCT(--ISNUMBER($E$9:$E$32)) -> 0
B36: Media de las respuestas puntuadas (1-5) | E36: =IFERROR(IF($E$35=0,"",AVERAGE($E$9:$E$32)),"")
B37: Cobertura del guion (%) | E37: =IFERROR(IF($E$34=0,"",$E$35/$E$34),"") -> 0
B39: Esta media NO sustituye a la del scorecard: son 24 respuestas sin ponderar. El scorecard es el que decide, porque pesa cada competencia según lo que importa en tu casa.
B40: Si una pregunta no te sirve, cámbiala. Lo que no se puede cambiar es hacer preguntas distintas a cada candidato: entonces no estás comparando, estás eligiendo por simpatía.
