Workbook

Sheet Instrucciones
A1: Escandallo Maestro — Fichas Técnicas
A2: AI Chef Pro · aichef.pro — Restaurante Gastronómico
A4: Instrucciones de uso
A5: 1. Crea una ficha técnica por plato del menú.
A6: 2. Introduce ingredientes, gramaje, precio y merma.
A7: 3. El coste total y PVP sugerido se calculan automáticamente.
A9: Celdas verdes = campos editables
A13: Duplica la hoja «Ficha (plantilla)» para cada plato: clic derecho sobre la pestaña → Mover o copiar → «Crear una copia», y renómbrala con el nombre del plato. La hoja «Resumen» consolida el coste y el PVP de todas.
A15: La merma se escribe en tanto por uno (0,20 = 20 %) y ENTRA en el coste: la cantidad que compras es la neta dividida por (1 - merma).
A17: El food cost objetivo y el tipo de IVA son celdas verdes: cámbialos y el PVP se recalcula.
A19: Para editar la estructura o una celda que no esté en verde: Revisar → Desproteger hoja (no tiene contraseña).
A20: Diseñado por John Guerrero — chef y consultor gastronómico desde 2010, en cocina desde los 17 años · johnguerrero.es
A21: Versión 2.0 · agosto 2026 · aichef.pro/guia-restaurante-gastronomico · info@aichef.pro

Sheet Ficha (plantilla)
A1: Ficha Técnica / Escandallo
A2: AI Chef Pro · aichef.pro — Restaurante Gastronómico
A4: Nombre del plato: | E4: Raciones: | F4: 1 | G4: Food Cost Objetivo: | H4: 0.28
A6: # | B6: Ingrediente | C6: Unidad | D6: Cantidad NETA (ración) | E6: Precio/Ud (€) | F6: Merma (%) | G6: Cantidad BRUTA a comprar | H6: Coste (€) | I6: Notas
A7: 1 | G7: =IFERROR(IF(OR($D7="",$F7>=1),"",$D7/(1-$F7)),"") | H7: =IFERROR(IF(OR($G7="",$E7=""),"",$G7*$E7),"")
A8: 2 | G8: =IFERROR(IF(OR($D8="",$F8>=1),"",$D8/(1-$F8)),"") | H8: =IFERROR(IF(OR($G8="",$E8=""),"",$G8*$E8),"")
A9: 3 | G9: =IFERROR(IF(OR($D9="",$F9>=1),"",$D9/(1-$F9)),"") | H9: =IFERROR(IF(OR($G9="",$E9=""),"",$G9*$E9),"")
A10: 4 | G10: =IFERROR(IF(OR($D10="",$F10>=1),"",$D10/(1-$F10)),"") | H10: =IFERROR(IF(OR($G10="",$E10=""),"",$G10*$E10),"")
A11: 5 | G11: =IFERROR(IF(OR($D11="",$F11>=1),"",$D11/(1-$F11)),"") | H11: =IFERROR(IF(OR($G11="",$E11=""),"",$G11*$E11),"")
A12: 6 | G12: =IFERROR(IF(OR($D12="",$F12>=1),"",$D12/(1-$F12)),"") | H12: =IFERROR(IF(OR($G12="",$E12=""),"",$G12*$E12),"")
A13: 7 | G13: =IFERROR(IF(OR($D13="",$F13>=1),"",$D13/(1-$F13)),"") | H13: =IFERROR(IF(OR($G13="",$E13=""),"",$G13*$E13),"")
A14: 8 | G14: =IFERROR(IF(OR($D14="",$F14>=1),"",$D14/(1-$F14)),"") | H14: =IFERROR(IF(OR($G14="",$E14=""),"",$G14*$E14),"")
A15: 9 | G15: =IFERROR(IF(OR($D15="",$F15>=1),"",$D15/(1-$F15)),"") | H15: =IFERROR(IF(OR($G15="",$E15=""),"",$G15*$E15),"")
A16: 10 | G16: =IFERROR(IF(OR($D16="",$F16>=1),"",$D16/(1-$F16)),"") | H16: =IFERROR(IF(OR($G16="",$E16=""),"",$G16*$E16),"")
A17: 11 | G17: =IFERROR(IF(OR($D17="",$F17>=1),"",$D17/(1-$F17)),"") | H17: =IFERROR(IF(OR($G17="",$E17=""),"",$G17*$E17),"")
A18: 12 | G18: =IFERROR(IF(OR($D18="",$F18>=1),"",$D18/(1-$F18)),"") | H18: =IFERROR(IF(OR($G18="",$E18=""),"",$G18*$E18),"")
... A26: 20 | G26: =IFERROR(IF(OR($D26="",$F26>=1),"",$D26/(1-$F26)),"") | H26: =IFERROR(IF(OR($G26="",$E26=""),"",$G26*$E26),"")
G27: RESUMEN Y PARÁMETROS — lo calcula el libro (v2.0)
G28: COSTE TOTAL DE LA FICHA (€) | H28: =IF(COUNT(H7:H26)=0,"",SUM(H7:H26))
G29: Coste por ración (€) | H29: =IFERROR(IF(OR($H$28="",$F$4="",$F$4=0),"",$H$28/$F$4),"")
G30: ="PVP sugerido ("&TEXT($H$4,"0%")&"), sin IVA:" -> PVP sugerido (28%), sin IVA: | H30: =IFERROR(IF(OR($H$29="",$H$4="",$H$4=0),"",$H$29/$H$4),"")
G31: Tipo de IVA de restauración (%) | H31: 0.1 | I31: 10 % en restauración, INCLUIDA la bebida alcohólica servida en sala: el art. 91.Uno.2.2 de la Ley del IVA grava a ese tipo los servicios de hostelería y «el suministro de comidas y bebidas para consumir en el acto», y no excluye el alcohol. Cámbialo aquí y se recalcula todo el libro.
G32: PVP con IVA (€) — el que va en la carta | H32: =IFERROR(IF($H$30="","",$H$30*(1+$H$31)),"")
G33: PVP REAL de carta, con IVA (€) — el que imprimes | I33: Escribe aquí el precio redondeado que va en la carta. Mientras esté vacío, las dos filas de abajo usan el PVP sugerido.
G34: Food cost real sobre el precio de carta (%) | H34: =IFERROR(IF($H$29="","",IF($H$33<>"",$H$29/($H$33/(1+$H$31)),IF($H$30="","",$H$29/$H$30))),"")
G35: Food cost si pusieras el PVP SIN IVA en la carta (%) | H35: =IFERROR(IF(OR($H$29="",$H$30="",$H$30=0),"",$H$29/($H$30/(1+$H$31))),"")
A37: En España el precio de carta se muestra CON IVA incluido: aplicar el PVP sin IVA tal cual deja el food cost real por encima del objetivo (con un objetivo del 28 % y el IVA al 10 %, sube al 30,8 %) — y esa es exactamente la fila de arriba, que ahora sí lo calcula. Usa la fila «PVP con IVA», o escribe tu precio redondeado en «PVP REAL de carta» y mira el food cost que te queda de verdad [DOM-03 · COM-14 · RT-10 · RD-22 · RC-18].

Sheet Resumen
A1: Resumen de fichas técnicas
A2: AI Chef Pro · aichef.pro
A4: Hoja de la ficha | B4: Plato | C4: Coste total (€) | D4: Coste por ración (€) | E4: PVP sin IVA (€) | F4: PVP con IVA (€) | G4: Food cost real (%)
A5: Ficha (plantilla) | B5: =IFERROR(IF('Ficha (plantilla)'!C4="","",'Ficha (plantilla)'!C4),"") | C5: =IFERROR(IF('Ficha (plantilla)'!H28="","",'Ficha (plantilla)'!H28),"") | D5: =IFERROR(IF('Ficha (plantilla)'!H29="","",'Ficha (plantilla)'!H29),"") | E5: =IFERROR(IF('Ficha (plantilla)'!H30="","",'Ficha (plantilla)'!H30),"") | F5: =IFERROR(IF('Ficha (plantilla)'!H32="","",'Ficha (plantilla)'!H32),"") | G5: =IFERROR(IF('Ficha (plantilla)'!H34="","",'Ficha (plantilla)'!H34),"") | H5: Esta fila va cableada a la plantilla: no cambies su nombre aquí. Las de abajo se alimentan del nombre que escribas en la columna A.
B6: =IF($A6="","",IFERROR(IF(INDIRECT("'"&$A6&"'!C4")="","",INDIRECT("'"&$A6&"'!C4")),"")) | C6: =IF($A6="","",IFERROR(IF(INDIRECT("'"&$A6&"'!H28")="","",INDIRECT("'"&$A6&"'!H28")),"")) | D6: =IF($A6="","",IFERROR(IF(INDIRECT("'"&$A6&"'!H29")="","",INDIRECT("'"&$A6&"'!H29")),"")) | E6: =IF($A6="","",IFERROR(IF(INDIRECT("'"&$A6&"'!H30")="","",INDIRECT("'"&$A6&"'!H30")),"")) | F6: =IF($A6="","",IFERROR(IF(INDIRECT("'"&$A6&"'!H32")="","",INDIRECT("'"&$A6&"'!H32")),"")) | G6: =IF($A6="","",IFERROR(IF(INDIRECT("'"&$A6&"'!H34")="","",INDIRECT("'"&$A6&"'!H34")),""))
B7: =IF($A7="","",IFERROR(IF(INDIRECT("'"&$A7&"'!C4")="","",INDIRECT("'"&$A7&"'!C4")),"")) | C7: =IF($A7="","",IFERROR(IF(INDIRECT("'"&$A7&"'!H28")="","",INDIRECT("'"&$A7&"'!H28")),"")) | D7: =IF($A7="","",IFERROR(IF(INDIRECT("'"&$A7&"'!H29")="","",INDIRECT("'"&$A7&"'!H29")),"")) | E7: =IF($A7="","",IFERROR(IF(INDIRECT("'"&$A7&"'!H30")="","",INDIRECT("'"&$A7&"'!H30")),"")) | F7: =IF($A7="","",IFERROR(IF(INDIRECT("'"&$A7&"'!H32")="","",INDIRECT("'"&$A7&"'!H32")),"")) | G7: =IF($A7="","",IFERROR(IF(INDIRECT("'"&$A7&"'!H34")="","",INDIRECT("'"&$A7&"'!H34")),""))
B8: =IF($A8="","",IFERROR(IF(INDIRECT("'"&$A8&"'!C4")="","",INDIRECT("'"&$A8&"'!C4")),"")) | C8: =IF($A8="","",IFERROR(IF(INDIRECT("'"&$A8&"'!H28")="","",INDIRECT("'"&$A8&"'!H28")),"")) | D8: =IF($A8="","",IFERROR(IF(INDIRECT("'"&$A8&"'!H29")="","",INDIRECT("'"&$A8&"'!H29")),"")) | E8: =IF($A8="","",IFERROR(IF(INDIRECT("'"&$A8&"'!H30")="","",INDIRECT("'"&$A8&"'!H30")),"")) | F8: =IF($A8="","",IFERROR(IF(INDIRECT("'"&$A8&"'!H32")="","",INDIRECT("'"&$A8&"'!H32")),"")) | G8: =IF($A8="","",IFERROR(IF(INDIRECT("'"&$A8&"'!H34")="","",INDIRECT("'"&$A8&"'!H34")),""))
B9: =IF($A9="","",IFERROR(IF(INDIRECT("'"&$A9&"'!C4")="","",INDIRECT("'"&$A9&"'!C4")),"")) | C9: =IF($A9="","",IFERROR(IF(INDIRECT("'"&$A9&"'!H28")="","",INDIRECT("'"&$A9&"'!H28")),"")) | D9: =IF($A9="","",IFERROR(IF(INDIRECT("'"&$A9&"'!H29")="","",INDIRECT("'"&$A9&"'!H29")),"")) | E9: =IF($A9="","",IFERROR(IF(INDIRECT("'"&$A9&"'!H30")="","",INDIRECT("'"&$A9&"'!H30")),"")) | F9: =IF($A9="","",IFERROR(IF(INDIRECT("'"&$A9&"'!H32")="","",INDIRECT("'"&$A9&"'!H32")),"")) | G9: =IF($A9="","",IFERROR(IF(INDIRECT("'"&$A9&"'!H34")="","",INDIRECT("'"&$A9&"'!H34")),""))
B10: =IF($A10="","",IFERROR(IF(INDIRECT("'"&$A10&"'!C4")="","",INDIRECT("'"&$A10&"'!C4")),"")) | C10: =IF($A10="","",IFERROR(IF(INDIRECT("'"&$A10&"'!H28")="","",INDIRECT("'"&$A10&"'!H28")),"")) | D10: =IF($A10="","",IFERROR(IF(INDIRECT("'"&$A10&"'!H29")="","",INDIRECT("'"&$A10&"'!H29")),"")) | E10: =IF($A10="","",IFERROR(IF(INDIRECT("'"&$A10&"'!H30")="","",INDIRECT("'"&$A10&"'!H30")),"")) | F10: =IF($A10="","",IFERROR(IF(INDIRECT("'"&$A10&"'!H32")="","",INDIRECT("'"&$A10&"'!H32")),"")) | G10: =IF($A10="","",IFERROR(IF(INDIRECT("'"&$A10&"'!H34")="","",INDIRECT("'"&$A10&"'!H34")),""))
B11: =IF($A11="","",IFERROR(IF(INDIRECT("'"&$A11&"'!C4")="","",INDIRECT("'"&$A11&"'!C4")),"")) | C11: =IF($A11="","",IFERROR(IF(INDIRECT("'"&$A11&"'!H28")="","",INDIRECT("'"&$A11&"'!H28")),"")) | D11: =IF($A11="","",IFERROR(IF(INDIRECT("'"&$A11&"'!H29")="","",INDIRECT("'"&$A11&"'!H29")),"")) | E11: =IF($A11="","",IFERROR(IF(INDIRECT("'"&$A11&"'!H30")="","",INDIRECT("'"&$A11&"'!H30")),"")) | F11: =IF($A11="","",IFERROR(IF(INDIRECT("'"&$A11&"'!H32")="","",INDIRECT("'"&$A11&"'!H32")),"")) | G11: =IF($A11="","",IFERROR(IF(INDIRECT("'"&$A11&"'!H34")="","",INDIRECT("'"&$A11&"'!H34")),""))
B12: =IF($A12="","",IFERROR(IF(INDIRECT("'"&$A12&"'!C4")="","",INDIRECT("'"&$A12&"'!C4")),"")) | C12: =IF($A12="","",IFERROR(IF(INDIRECT("'"&$A12&"'!H28")="","",INDIRECT("'"&$A12&"'!H28")),"")) | D12: =IF($A12="","",IFERROR(IF(INDIRECT("'"&$A12&"'!H29")="","",INDIRECT("'"&$A12&"'!H29")),"")) | E12: =IF($A12="","",IFERROR(IF(INDIRECT("'"&$A12&"'!H30")="","",INDIRECT("'"&$A12&"'!H30")),"")) | F12: =IF($A12="","",IFERROR(IF(INDIRECT("'"&$A12&"'!H32")="","",INDIRECT("'"&$A12&"'!H32")),"")) | G12: =IF($A12="","",IFERROR(IF(INDIRECT("'"&$A12&"'!H34")="","",INDIRECT("'"&$A12&"'!H34")),""))
B13: =IF($A13="","",IFERROR(IF(INDIRECT("'"&$A13&"'!C4")="","",INDIRECT("'"&$A13&"'!C4")),"")) | C13: =IF($A13="","",IFERROR(IF(INDIRECT("'"&$A13&"'!H28")="","",INDIRECT("'"&$A13&"'!H28")),"")) | D13: =IF($A13="","",IFERROR(IF(INDIRECT("'"&$A13&"'!H29")="","",INDIRECT("'"&$A13&"'!H29")),"")) | E13: =IF($A13="","",IFERROR(IF(INDIRECT("'"&$A13&"'!H30")="","",INDIRECT("'"&$A13&"'!H30")),"")) | F13: =IF($A13="","",IFERROR(IF(INDIRECT("'"&$A13&"'!H32")="","",INDIRECT("'"&$A13&"'!H32")),"")) | G13: =IF($A13="","",IFERROR(IF(INDIRECT("'"&$A13&"'!H34")="","",INDIRECT("'"&$A13&"'!H34")),""))
B14: =IF($A14="","",IFERROR(IF(INDIRECT("'"&$A14&"'!C4")="","",INDIRECT("'"&$A14&"'!C4")),"")) | C14: =IF($A14="","",IFERROR(IF(INDIRECT("'"&$A14&"'!H28")="","",INDIRECT("'"&$A14&"'!H28")),"")) | D14: =IF($A14="","",IFERROR(IF(INDIRECT("'"&$A14&"'!H29")="","",INDIRECT("'"&$A14&"'!H29")),"")) | E14: =IF($A14="","",IFERROR(IF(INDIRECT("'"&$A14&"'!H30")="","",INDIRECT("'"&$A14&"'!H30")),"")) | F14: =IF($A14="","",IFERROR(IF(INDIRECT("'"&$A14&"'!H32")="","",INDIRECT("'"&$A14&"'!H32")),"")) | G14: =IF($A14="","",IFERROR(IF(INDIRECT("'"&$A14&"'!H34")="","",INDIRECT("'"&$A14&"'!H34")),""))
B15: =IF($A15="","",IFERROR(IF(INDIRECT("'"&$A15&"'!C4")="","",INDIRECT("'"&$A15&"'!C4")),"")) | C15: =IF($A15="","",IFERROR(IF(INDIRECT("'"&$A15&"'!H28")="","",INDIRECT("'"&$A15&"'!H28")),"")) | D15: =IF($A15="","",IFERROR(IF(INDIRECT("'"&$A15&"'!H29")="","",INDIRECT("'"&$A15&"'!H29")),"")) | E15: =IF($A15="","",IFERROR(IF(INDIRECT("'"&$A15&"'!H30")="","",INDIRECT("'"&$A15&"'!H30")),"")) | F15: =IF($A15="","",IFERROR(IF(INDIRECT("'"&$A15&"'!H32")="","",INDIRECT("'"&$A15&"'!H32")),"")) | G15: =IF($A15="","",IFERROR(IF(INDIRECT("'"&$A15&"'!H34")="","",INDIRECT("'"&$A15&"'!H34")),""))
B16: =IF($A16="","",IFERROR(IF(INDIRECT("'"&$A16&"'!C4")="","",INDIRECT("'"&$A16&"'!C4")),"")) | C16: =IF($A16="","",IFERROR(IF(INDIRECT("'"&$A16&"'!H28")="","",INDIRECT("'"&$A16&"'!H28")),"")) | D16: =IF($A16="","",IFERROR(IF(INDIRECT("'"&$A16&"'!H29")="","",INDIRECT("'"&$A16&"'!H29")),"")) | E16: =IF($A16="","",IFERROR(IF(INDIRECT("'"&$A16&"'!H30")="","",INDIRECT("'"&$A16&"'!H30")),"")) | F16: =IF($A16="","",IFERROR(IF(INDIRECT("'"&$A16&"'!H32")="","",INDIRECT("'"&$A16&"'!H32")),"")) | G16: =IF($A16="","",IFERROR(IF(INDIRECT("'"&$A16&"'!H34")="","",INDIRECT("'"&$A16&"'!H34")),""))
A18: Cómo añadir una ficha más
A19: 1. Clic derecho sobre la pestaña «Ficha (plantilla)» → Mover o copiar → marca «Crear una copia» y renómbrala con el nombre del plato.
A20: 2. Escribe ese mismo nombre en la columna «Hoja de la ficha» de esta hoja, en cualquier fila de la 6 a la 16. NO hay que tocar ninguna fórmula: esas filas leen la hoja que nombres en la columna A.
A21: 3. Un menú degustación de 8‑12 pases necesita una ficha por pase: por eso hay doce filas. Si te faltan, copia la última hacia abajo [TEC-23 · RC-19].
